ID,IA,GA
1,0.4059430888549245,0.727377296857638
301,0.5740880756619837,0.727377296857638
2,0.21717726127936304,0.6500886820370027
302,0.22329460679978985,0.7272198082498254
454,0.40594289433391306,0.7255010238942394
3,0.40594307181834416,0.7218979351832108
303,0.6823114883924734,0.727377296857638
4,0.27421754829545547,0.702078915509259
304,0.4059431540033921,0.727377296857638
455,0.32917236605390865,0.7224093168054138
5,0.3990800283815909,0.7254647198681966
305,0.17721373464444923,0.3894700583627527
456,0.32372839745529675,0.6925954097155365
566,0.6451737130413924,0.727377296857638
6,0.6032732820833699,0.727377296857638
306,0.48443860507726455,0.727377296857638
7,0.7289318410192337,0.727377296857638
8,0.7289318410192337,0.727377296857638
9,0.3016439159777309,0.6728800091168919
307,0.17721373464444923,0.5917694944538257
457,0.22957382312272936,0.6510300136960009
567,0.40594307181834416,0.727377296857638
10,0.7250487530312165,0.727377296857638
11,0.3513047506775525,0.38947005887897945
308,0.5683171668246774,0.6450690211395432
12,0.2113237050112272,0.22372134180299197
309,0.4059430982369201,0.6629183057026997
458,0.4059429511415072,0.5021953959252281
13,0.7289318410192337,0.7222339475893234
14,0.3337391823430152,0.38947004463402096
310,0.3855914968214921,0.5528819090640191
459,0.4059431868169117,0.38947006699138426
15,0.3480717126529042,0.28720124687182413
311,0.22393553921692427,0.3169247653524899
460,0.19911715477162564,0.21915963401553037
568,0.669317076666074,0.7255010238942394
16,0.7289318410192337,0.727377296857638
17,0.7289318410192337,0.727377296857638
18,0.726836044937896,0.6802366977667327
19,0.17721373464444923,0.16250439818689905
312,0.17721373464444923,0.16250439818689905
461,0.17721373464444923,0.16250439818689905
569,0.40594302346513567,0.3894700592380119
20,0.7289318410192337,0.6259858211340827
21,0.2830430112642193,0.19856239129571202
313,0.7264308143338011,0.5840153325196293
22,0.4059430063186902,0.16250439818689905
314,0.4059430063186902,0.1673969756810947
23,0.7289318410192337,0.3894700592380119
24,0.2895911731793081,0.17846595890080832
315,0.40594307181834416,0.35581812917260824
462,0.7289318410192337,0.6670642352635776
25,0.17721373464444923,0.16250439818689905
316,0.40594307752883185,0.38947011385369257
463,0.17721373464444923,0.16250439818689905
570,0.6429800733698566,0.5440796609309928
26,0.7289318410192337,0.19746194177071533
27,0.7235953388719109,0.3260380674514228
28,0.7289318410192337,0.38947005401504237
29,0.40594307181834416,0.20931930308638785
317,0.40594307181834416,0.25487202774413337
464,0.40594307181834416,0.1627015939200298
571,0.22854040614266077,0.16250439818689905
30,0.727066281843772,0.16250439818689905
31,0.3986062807472163,0.2255799478421406
318,0.7224463209167713,0.7272756854861352
32,0.33860737385715706,0.17269987002213405
319,0.3304373976268387,0.179393073110112
465,0.6056319283684057,0.5356214434539056
33,0.7289318410192337,0.5892223217725857
34,0.40594305300342487,0.29807659745095644
320,0.22777628625452884,0.16250439818689905
466,0.25655511345649445,0.16250439818689905
35,0.40594291230225693,0.16250439818689905
321,0.3025021678986347,0.16250439818689905
467,0.40594316137767544,0.2917285909378046
36,0.7289318410192337,0.19125050151947245
37,0.7289318410192337,0.40525854490215096
38,0.7289318410192337,0.3894700592380119
39,0.17721373464444923,0.16250439818689905
322,0.17721373464444923,0.16250439818689905
468,0.17721373464444923,0.16250439818689905
572,0.1886579015149957,0.16250439818689905
40,0.7248485196227209,0.24117435365412454
41,0.712504196715057,0.727377296857638
323,0.4059430772576501,0.727377296857638
42,0.24892152247331448,0.6082642973685618
324,0.6195649735835025,0.727377296857638
469,0.5832314457830928,0.727377296857638
43,0.726303881047301,0.727377296857638
44,0.6311527875004498,0.727377296857638
325,0.40594309266267237,0.7190420263838433
470,0.40594305290541005,0.727377296857638
45,0.17721373464444923,0.38947005909638394
326,0.17721373464444923,0.5244953575256381
471,0.17721373464444923,0.3894700604975669
573,0.6094028473721378,0.7254792595606256
46,0.7222564078915418,0.727377296857638
47,0.7289318410192337,0.727377296857638
48,0.7208710244893729,0.727377296857638
49,0.40594307181834416,0.718316661984172
327,0.40594306738474445,0.727377296857638
472,0.40594307181834416,0.7182007349069387
574,0.2995489473246936,0.7222988843457069
50,0.7289318410192337,0.6295121079386504
51,0.7287483559858913,0.3894700592380119
328,0.7209519716148551,0.44347526895188233
52,0.4059428663100299,0.2237947567173204
329,0.4059429881250931,0.1704724184555238
473,0.2956918582952679,0.16250439818689905
53,0.7286609793537049,0.2715573732501656
54,0.2442090008763394,0.16250439818689905
330,0.3296479914647859,0.16250439818689905
474,0.17721373464444923,0.16250439818689905
55,0.17721373464444923,0.16250439818689905
331,0.17721373464444923,0.16250439818689905
475,0.17721373464444923,0.16250439818689905
575,0.17721373464444923,0.16250439818689905
56,0.7289318410192337,0.3021848783501416
57,0.7240634020387903,0.1982811529065192
58,0.7289318410192337,0.3894700592380119
59,0.40594307181834416,0.16250439818689905
332,0.40594307181834416,0.16250439818689905
476,0.4059430781275622,0.23051201312100025
576,0.3409293206141908,0.16250439818689905
60,0.7268436401454408,0.16250439818689905
61,0.40594307710147204,0.38947003685345666
333,0.40594309441358334,0.6104365883094774
62,0.2616617362919466,0.3894700605295389
334,0.23733013311787265,0.486386777505748
477,0.40594286214598096,0.38947006029544357
63,0.7268407311292614,0.6517001815411657
64,0.2081073523953088,0.38903938157507356
335,0.17721373464444923,0.2619222524422322
478,0.40594313663302545,0.4372194960224484
65,0.17721373464444923,0.27377557448556467
336,0.40594307181834416,0.3894700592380119
479,0.4059431130700289,0.7179949134707975
577,0.4059430450643596,0.656885925998914
66,0.7289318410192337,0.7241608877250104
67,0.7207947927021651,0.6407717423731991
68,0.7289318410192337,0.6565100117952082
69,0.40594307181834416,0.3894700592380119
337,0.26377732157988426,0.3484206971538292
480,0.40594307181834416,0.3894700592380119
578,0.40594307181834416,0.5171728398021023
70,0.7289318410192337,0.727377296857638
71,0.3262561882922146,0.4973209686053742
338,0.6477009217110554,0.727377296857638
72,0.17721373464444923,0.3894700939848194
339,0.3852136720755252,0.5736686588695106
481,0.7289318410192337,0.727377296857638
73,0.7289318410192337,0.727377296857638
74,0.3297431540857992,0.6251442061428831
340,0.6041706306276907,0.727377296857638
482,0.6538370151170324,0.727377296857638
75,0.40594291487238077,0.727377296857638
341,0.4059429458324462,0.7197793815820899
483,0.28934701481398967,0.57472505736221
579,0.17747282553922306,0.6274271494387176
76,0.7221841813138686,0.3894700592380119
77,0.728295928312049,0.7191899283625967
78,0.7289318410192337,0.727377296857638
79,0.17721373464444923,0.24469010958746032
342,0.3714670147258305,0.5502662137630943
484,0.2990432520747644,0.5760987681420517
580,0.40594307181834416,0.652573759406913
80,0.7218140361053881,0.3894700628338974
81,0.17721373464444923,0.2506647198060818
343,0.6335517480196236,0.727377296857638
82,0.25993802025045,0.4983376529366335
344,0.5887194871862931,0.727377296857638
485,0.7027832098651967,0.727377296857638
83,0.4059430962422608,0.5385772180974738
345,0.4059430768214504,0.7208597768686754
84,0.6253623961829889,0.727377296857638
346,0.6157178669972091,0.727377296857638
85,0.3768136933845302,0.6365259197840287
347,0.21520140489044218,0.3894700592380119
486,0.5301749511934235,0.7244679833841667
86,0.7262215496646963,0.3894700606013327
87,0.7289318410192337,0.3894700625084129
88,0.7215736269555177,0.7242963825221865
89,0.4059430066558098,0.6636340210640247
348,0.4059431157553315,0.7147657115035686
487,0.40594301364826796,0.6800546242554754
90,0.7289318410192337,0.727377296857638
91,0.4059430445570277,0.24602726866765065
349,0.40594306583794615,0.38947005045452765
92,0.17721373464444923,0.16250439818689905
350,0.17721373464444923,0.16250439818689905
488,0.4059429279902561,0.2717168430941468
93,0.2546575210034637,0.16250439818689905
351,0.4059430695963124,0.16250439818689905
94,0.17721373464444923,0.16250439818689905
352,0.40594304926017916,0.22326587830212333
489,0.3155957019002386,0.16353674721954478
95,0.40594307181834416,0.2281960032303141
353,0.40594307181834416,0.16250439818689905
490,0.40594307467101354,0.37548978592362714
581,0.40594307181834416,0.2482784646167079
96,0.7289318410192337,0.727377296857638
97,0.7289318410192337,0.6657087211008905
98,0.7246543198600273,0.38947005693859593
99,0.0,0.0
354,0.40594307263522894,0.25722467785871067
491,0.40594307181834416,0.1630448969291248
582,0.6389716329483867,0.7237096450410268
100,0.7289318410192337,0.6082642973685618
101,0.40594307453010403,0.16250439818689905
355,0.37099830397893174,0.16250439818689905
102,0.4263762620837423,0.30032529648692413
356,0.40594307181834416,0.18510499490578672
492,0.3828560692779214,0.16250439818689905
103,0.6712729348858693,0.25584299656780385
357,0.17721373464444923,0.16250439818689905
104,0.49399247614072517,0.32050618137336906
358,0.21561147738023012,0.16250439818689905
493,0.45517985450807663,0.2495281138491327
105,0.40594292315941183,0.19409943235167437
359,0.5926743680537719,0.38947005812338786
494,0.40594301394282956,0.27367478361227937
106,0.7289318410192337,0.3894700592380119
107,0.7289318410192337,0.3894700592380119
108,0.7289318410192337,0.33101781142809283
109,0.22713853275475218,0.16250439818689905
360,0.17721373464444923,0.16250439818689905
495,0.17721373464444923,0.16250439818689905
583,0.4059430456801167,0.16250439818689905
110,0.7289318410192337,0.22372134180299197
111,0.23471969211835106,0.16250439818689905
361,0.40594307181834416,0.20760871995362748
112,0.17721373464444923,0.16250439818689905
362,0.4059431304825515,0.16250439818689905
496,0.2695765531622692,0.16250439818689905
113,0.7289318410192337,0.5311617581969399
114,0.37331891420541463,0.16250439818689905
363,0.17721373464444923,0.16250439818689905
497,0.35518053826695495,0.16250439818689905
115,0.4059431403893555,0.16250439818689905
364,0.24427760987054625,0.16250439818689905
498,0.4059429207051173,0.22092862997135287
116,0.7289318410192337,0.6701838990333953
117,0.7272322531542667,0.2033907206951496
118,0.7224314070454595,0.31699422586899484
119,0.4059430747005551,0.18086615047687402
365,0.23471969211835106,0.16250439818689905
499,0.7289318410192337,0.5760987681420517
120,0.7230107464182101,0.17269987002213405
121,0.17721373464444923,0.16250439818689905
366,0.5594494638996096,0.38947006292088937
122,0.557619155620533,0.389470064833915
367,0.5036245832341961,0.38947007663080047
123,0.7289318410192337,0.16671253108726347
124,0.7202477464138151,0.3894700592380119
125,0.40594306717315903,0.16288428593980972
368,0.40594307181834416,0.31006902541255343
126,0.7289318410192337,0.7212029271795964
127,0.7216710068916156,0.3894700526872589
128,0.7289318410192337,0.16250439818689905
129,0.17721373464444923,0.16250439818689905
369,0.2910075199037444,0.16250439818689905
500,0.17721373464444923,0.16250439818689905
130,0.723005261191677,0.2536368134009701
131,0.3330337769511219,0.16250439818689905
370,0.4059430713529048,0.16250439818689905
132,0.3341905520494826,0.16250439818689905
371,0.2922649587793084,0.16250439818689905
501,0.3496272039005262,0.16250439818689905
133,0.7289318410192337,0.3894700592380119
134,0.17721373464444923,0.16250439818689905
372,0.29368604617360633,0.16250439818689905
502,0.7004998270050969,0.2900410788055416
135,0.40594298103203713,0.16250439818689905
373,0.17721373464444923,0.16250439818689905
503,0.28121663967312277,0.16250439818689905
584,0.23847280795694017,0.16250439818689905
136,0.7199496467164033,0.16250439818689905
137,0.7289318410192337,0.38947005857718703
138,0.7219921304570307,0.16250439818689905
139,0.3054722629732156,0.16250439818689905
374,0.28121663967312277,0.16250439818689905
504,0.31821613055174447,0.16250439818689905
585,0.28121663967312277,0.16250439818689905
140,0.7289318410192337,0.2536368134009701
141,0.31152916319408336,0.7195695359852854
375,0.7232966693292716,0.727377296857638
142,0.3184595620355918,0.5473142667285127
376,0.3719738305816275,0.7233787740681396
505,0.405942982801616,0.7188257173212588
143,0.6853094085433767,0.727377296857638
377,0.2678482674953724,0.38947005836599385
144,0.20074037969254127,0.4983376529366335
378,0.28817711060589213,0.7120160563883715
506,0.34766694059037684,0.6567196412543682
145,0.40555380978577077,0.6402235248704019
379,0.17721373464444923,0.3894700385629644
507,0.18657137945986177,0.6398508718400107
586,0.40594307724523593,0.7227303703937066
146,0.7289318410192337,0.727377296857638
147,0.7289318410192337,0.727377296857638
148,0.7289318410192337,0.727377296857638
149,0.17721373464444923,0.3312674897274842
380,0.40594307181834416,0.6158456280848843
508,0.3781107042708188,0.6015135887531884
587,0.40594307181834416,0.7260610155920086
150,0.724538454385765,0.727377296857638
151,0.40594307181834416,0.16250439818689905
381,0.40594307181834416,0.16250439818689905
152,0.17721373464444923,0.0
382,0.17721373464444923,0.16250439818689905
509,0.40594305885464654,0.24117435365412454
153,0.725879017914076,0.24375427919815493
154,0.3358062554389989,0.16250439818689905
383,0.4059430606648166,0.24121703457569832
510,0.4059430348565571,0.2846799768159227
155,0.30677231444661196,0.16250439818689905
384,0.4059430038385644,0.29807659745095644
511,0.4059430661993904,0.2788098447026639
156,0.7289318410192337,0.46499963012055184
157,0.727381707853573,0.43751312539185316
158,0.7289318410192337,0.5757393492636497
159,0.40594307181834416,0.16250439818689905
385,0.3740486376251111,0.16250439818689905
512,0.6627434588097786,0.3894700592380119
160,0.7289318410192337,0.6481727185367036
161,0.40594307181834416,0.16250439818689905
386,0.26967044808655816,0.16250439818689905
162,0.18889318861828,0.16250439818689905
387,0.5771263553387901,0.2664799380449535
513,0.596028979255132,0.2495281138491327
163,0.7224634277287787,0.16250439818689905
164,0.3638803497409554,0.16250439818689905
388,0.2172538499851899,0.16250439818689905
514,0.7289318410192337,0.5736686588695106
165,0.17721373464444923,0.16250439818689905
389,0.17721373464444923,0.16250439818689905
515,0.40594301950228723,0.24553430401469814
588,0.40594304896189526,0.34536950232236985
166,0.7289318410192337,0.2924243786957656
167,0.7239543177189962,0.16250439818689905
168,0.7289318410192337,0.32115662269827133
169,0.40594307181834416,0.16250439818689905
390,0.40594307181834416,0.16250439818689905
516,0.40594307181834416,0.16250439818689905
589,0.40594306984551454,0.16250439818689905
170,0.7289318410192337,0.27377557448556467
171,0.7289318410192337,0.7214130863528214
172,0.7289318410192337,0.6346980219740355
173,0.7289318410192337,0.6417189219115761
174,0.7224810690591834,0.3894701023849387
175,0.3270612734817915,0.16250439818689905
391,0.40594309578184357,0.16674150747430314
176,0.723134624524486,0.5417715301010165
177,0.7284997790056862,0.3894700592380119
178,0.7243222733752679,0.2794372530766101
179,0.323323904505031,0.27069039662761957
392,0.3097545438631946,0.27227209293460264
517,0.40594307181834416,0.38947005351223885
590,0.4250769350795458,0.6242963526150856
180,0.7260451457320986,0.16250439818689905
181,0.6097681595743166,0.7045561359876846
393,0.4059430601240909,0.7227151439968342
182,0.438340753580746,0.6649020192053956
394,0.2797322342456237,0.3915260446327371
518,0.2937310915046126,0.6662651418638446
183,0.7289318410192337,0.7212253868972933
184,0.2208949987026291,0.4259560037736216
395,0.4059429575833932,0.6210884040184166
519,0.17721373464444923,0.3894700592380119
185,0.17721373464444923,0.3894700592380119
396,0.40594298575655996,0.7188257173212588
520,0.40594309998116973,0.6366989917387148
591,0.3394197147597925,0.6678794188174213
186,0.7270927783718935,0.5948180291601644
187,0.7289318410192337,0.7240387853439559
188,0.7279355035307995,0.7192409344646511
189,0.40594307181834416,0.5494012471971141
397,0.18650601862726487,0.38947005863234646
521,0.24600674985076304,0.3894700592380119
592,0.17721373464444923,0.38947005741477253
190,0.7289318410192337,0.727377296857638
191,0.18119136810242903,0.16250439818689905
398,0.7009389653163867,0.6480466705006825
192,0.5391659640741224,0.3894700592380119
399,0.17721373464444923,0.16250439818689905
522,0.5597698313472187,0.5785583691259006
193,0.3394590135706903,0.16250439818689905
400,0.4059430193890214,0.16250439818689905
194,0.40594307181834416,0.35714430475119996
401,0.5277768354919021,0.3894700654907279
523,0.5520277630446703,0.5686684802952316
195,0.2985072851467272,0.26956658867205807
402,0.40594302155106926,0.3894700631621408
524,0.40594307625778736,0.38947005838614845
593,0.5764767256931443,0.7271448716212734
196,0.7201251399364788,0.38054405071947
197,0.7284760292909048,0.22493211909285016
198,0.7289318410192337,0.25189255041972175
199,0.17721373464444923,0.16250439818689905
403,0.5103284243160404,0.3894700592380119
525,0.40594307181834416,0.2560197349311719
594,0.23260987841746475,0.17674200175948654
200,0.7289318410192337,0.3522355204130587
201,0.17721373464444923,0.23462560732549853
404,0.7223755527369379,0.727377296857638
202,0.20983836307356843,0.37956777568724837
405,0.5654802523009509,0.5857069728004854
526,0.6816483639051155,0.727377296857638
203,0.7289318410192337,0.16250439818689905
204,0.40594308999066925,0.532568273593712
406,0.40594311501888286,0.5202816744923957
527,0.4059431304154586,0.6785110218205704
205,0.18120703138104757,0.32521638236211237
407,0.22784469710316524,0.389470072260564
528,0.40594307181834416,0.3894700592380119
595,0.4059430682303743,0.6315913184998219
206,0.7246119547819218,0.566167265927349
207,0.7289318410192337,0.7269558797386234
208,0.7289318410192337,0.727377296857638
209,0.20983836307356843,0.2464735507272567
408,0.3419414575444851,0.38947005351223885
529,0.31869742275557467,0.38785432653967733
596,0.2370896585394579,0.3351801606960014
210,0.7289318410192337,0.727377296857638
211,0.40594307181834416,0.4816766073057806
409,0.6666051949752326,0.7239836608150977
212,0.40594304795229186,0.46420737950580143
410,0.2006208746272792,0.29874206856017643
530,0.4059429916115559,0.6232337416811662
213,0.7289318410192337,0.7222339475893234
214,0.5505217241216647,0.5857069728004854
411,0.17721373464444923,0.16250439818689905
531,0.17721373464444923,0.27377557448556467
215,0.31082634225164246,0.3160857557156609
412,0.2176972104756062,0.3389014033535373
532,0.17721373464444923,0.2808668370759193
597,0.17721373464444923,0.327886665339886
216,0.7289318410192337,0.727377296857638
217,0.7269593700969682,0.49690127643013954
218,0.7289318410192337,0.6950706179179166
219,0.40594307181834416,0.3894700592380119
413,0.4059430681115711,0.3894700668995398
533,0.3517797742189506,0.36511834135001225
598,0.40594299903022363,0.7015466317201695
220,0.72581583410307,0.5736686588695106
221,0.25679322083966893,0.16250439818689905
414,0.40594304537714554,0.3328109119950057
222,0.17721373464444923,0.21450275949845637
415,0.2505744388731212,0.38947005825443476
534,0.40594306264460245,0.3894700592380119
223,0.7289318410192337,0.3575340557873508
224,0.57103163784272,0.45412658443164833
416,0.34634506053014125,0.3894700598177625
535,0.5967222136623669,0.5326070478815828
225,0.40594307181834416,0.38947005988643274
417,0.40594307181834416,0.3894700581524522
536,0.20788616159076256,0.3894700781436833
599,0.4059430883571502,0.38947005836599385
226,0.7204056572448703,0.3894700592380119
227,0.7289318410192337,0.5539436207588634
228,0.7267490688806696,0.3894700592380119
229,0.40594307181834416,0.3150053098512351
418,0.40594307181834416,0.5607379593884207
537,0.4059430552982113,0.38947005395651335
600,0.40594307181834416,0.3894700592380119
230,0.7289318410192337,0.16250439818689905
231,0.34267392397177715,0.16250439818689905
419,0.5416593959312418,0.2519134066125221
232,0.41552318462011434,0.20486890236294525
420,0.40594307188594825,0.20760871995362748
538,0.6506868868767556,0.38947006029544357
233,0.7202330915105903,0.16250439818689905
234,0.17721373464444923,0.16250439818689905
421,0.3108951487059576,0.16250439818689905
539,0.5948104704767572,0.32417032300420834
235,0.17721373464444923,0.16250439818689905
422,0.17721373464444923,0.16250439818689905
540,0.3428684393790757,0.16250439818689905
236,0.7289318410192337,0.3894700592380119
237,0.7220743474492025,0.21798746681657538
238,0.7289318410192337,0.3894700660505323
239,0.17721373464444923,0.16250439818689905
423,0.29280847836506524,0.16250439818689905
541,0.17721373464444923,0.16250439818689905
601,0.3891956561294229,0.16250439818689905
240,0.7288461505727821,0.16250439818689905
241,0.22975132320668434,0.16250439818689905
424,0.6582938784810545,0.49445777379751
242,0.2790985738372831,0.16250439818689905
425,0.17727100124484482,0.16250439818689905
542,0.17721373464444923,0.16250439818689905
243,0.7289318410192337,0.16250439818689905
244,0.4059428941806707,0.22372134180299197
426,0.22615584931058105,0.16250439818689905
543,0.32969061585342985,0.1645566148586606
245,0.6504575172227105,0.2754575983592389
427,0.3880551955879634,0.16250439818689905
544,0.2282583046924792,0.16250439818689905
246,0.7204346317124003,0.2562838275983883
247,0.7289318410192337,0.3894700699089909
248,0.7289318410192337,0.6212093174251446
249,0.40594309510821036,0.22493211909285016
428,0.4059430380907988,0.20719959730482443
545,0.40594307181834416,0.16250439818689905
602,0.40594317324062984,0.37700564868318603
250,0.7264158958977598,0.184054049461666
251,0.2338695191468841,0.16250439818689905
429,0.5230385142626314,0.20125777866609082
252,0.22826734373850063,0.16250439818689905
430,0.29379238082364817,0.16250439818689905
546,0.29496261544234686,0.16250439818689905
253,0.7289318410192337,0.7031736761826527
254,0.28575710638975654,0.16250439818689905
431,0.2836616510635575,0.16250439818689905
547,0.40594291115526854,0.24338271907622766
255,0.4059430779737831,0.16250439818689905
432,0.2691532214130308,0.16250439818689905
548,0.24506353500876527,0.16250439818689905
603,0.3044786097166061,0.16250439818689905
256,0.7289318410192337,0.4911122526339966
257,0.7289318410192337,0.6753398551399794
258,0.7285987117113458,0.3894700592380119
259,0.26740965955010665,0.16250439818689905
433,0.40594307181834416,0.16250439818689905
549,0.19221834764079093,0.16250439818689905
604,0.6358597274192755,0.3894700592380119
260,0.7289318410192337,0.3915260446327371
261,0.5268212235201105,0.6016693903700224
434,0.718807262927362,0.618366276237692
262,0.46039204054716754,0.38947006262669814
435,0.46097739935731974,0.6060804760523909
550,0.540158297508345,0.42169127744828117
263,0.7289318410192337,0.727377296857638
264,0.4059431031974138,0.28578794036215055
436,0.3551044377639811,0.2644177367478187
551,0.3321124152107975,0.2846799768159227
265,0.27196805756271913,0.184054049461666
437,0.25027618939117285,0.16250439818689905
552,0.2059856931450502,0.16250439818689905
605,0.20192056769364614,0.16250439818689905
266,0.7263756944627723,0.16261265284801854
267,0.7204748108811825,0.3894700609246331
268,0.7286707447443371,0.3061604159897253
269,0.18206161147834182,0.16250439818689905
438,0.23639188569772354,0.16250439818689905
553,0.23962942598136436,0.16250439818689905
606,0.35477118143925573,0.23501334790231063
270,0.721478003290419,0.2898341945437718
271,0.4059429492619075,0.36050920595939995
439,0.7247454945795991,0.727377296857638
272,0.4059431074782852,0.31461814440516495
440,0.222407697376872,0.20331294282384882
554,0.40594312687025413,0.3280628046781085
273,0.7289318410192337,0.7255110396765085
274,0.26100156241333655,0.20486890236294525
441,0.19617803889686447,0.17349546459614765
555,0.39519017687250546,0.38947007881438006
275,0.44938326996097083,0.3894700495318845
442,0.40594307181834416,0.36555071336193573
556,0.40594307097091464,0.322421706157549
607,0.17721373464444923,0.16250439818689905
276,0.726031765990612,0.3894700601212367
277,0.7238804154877524,0.187633767701296
278,0.7220841049297015,0.3894700592380119
279,0.3503522903165734,0.18482564039266552
443,0.31624428160068785,0.17633660089250516
557,0.24707638634678536,0.16250439818689905
608,0.1774306818672638,0.16250439818689905
280,0.7289318410192337,0.5473142667285127
281,0.5723961229755457,0.49228457558445204
444,0.31239992698202995,0.38947006353629304
282,0.6066902810967053,0.6346980219740355
445,0.5532148199079673,0.6529411302015846
558,0.4059431185792227,0.6602814804315674
283,0.7232293907008795,0.3894700592380119
284,0.22965404560941455,0.2905651299290422
446,0.20129412691872006,0.29077134806024135
559,0.4059431476771373,0.5971981689237513
285,0.29656878179983454,0.23121131524141006
447,0.17721373464444923,0.2577092924830863
560,0.17721373464444923,0.1629099398310164
609,0.4059430739516634,0.5094159453368566
286,0.725415724029536,0.3894700592380119
287,0.0,0.37550558393667705
288,0.7214439514916045,0.3894700592380119
289,0.3033152240885939,0.2395046455732717
448,0.40594307754424463,0.3894700592380119
561,0.2208049344608372,0.226035562238403
610,0.335981470114461,0.32374591279779447
290,0.7289318410192337,0.7213530480169554
291,0.6391392904025227,0.3894700592380119
449,0.5454279387399179,0.46881084655195077
292,0.40594304567833317,0.2577092924830863
450,0.17882717531136536,0.16250439818689905
562,0.4059430169738199,0.37771259960855647
293,0.7289318410192337,0.3894700592380119
294,0.22150677438131047,0.16250439818689905
451,0.4031407897060922,0.26027838708828194
563,0.4059429880894926,0.36083079743016033
295,0.40594307181834416,0.18893949179799516
452,0.40594307181834416,0.2657732527039738
564,0.25304866841363755,0.19335397532232085
611,0.22072543203408898,0.165300496421368
296,0.7226032775421756,0.3564584158923023
297,0.725165138499017,0.16250439818689905
298,0.7289318410192337,0.7235951856261497
299,0.40594307181834416,0.16406404635879135
453,0.3912146695708486,0.16250439818689905
565,0.24591233323716963,0.16250439818689905
612,0.3527932477487298,0.20209657157759928
300,0.7247667772672256,0.16250439818689905
613,0.25928706329006335,0.16250439818689905
1333,0.7224137944638546,0.656206043934485
614,0.17721373464444923,0.16250439818689905
1334,0.5968123730587773,0.3802673208808961
1682,0.17721373464444923,0.16250439818689905
615,0.7219408001619191,0.3392279745843798
616,0.17721373464444923,0.16250439818689905
1335,0.28820445780352794,0.16250439818689905
1683,0.2541707744862264,0.16250439818689905
617,0.7289318410192337,0.6156281200859778
1336,0.3002649880462361,0.16250439818689905
1684,0.5798636437174054,0.3214262884468783
618,0.728570366319159,0.178167023200713
619,0.7227365879184179,0.38947006798751604
620,0.720995803530903,0.29587249218528333
621,0.17721373464444923,0.16250439818689905
1337,0.18071086498134825,0.16250439818689905
1685,0.7247037886437611,0.6394906065894608
622,0.7264537419431331,0.16250439818689905
623,0.4420164878417492,0.6147437747297791
1338,0.5627446630829775,0.42965068423431524
624,0.405943073636855,0.3894700628324537
1339,0.3461156779236117,0.3894700592380119
1686,0.6915013031386404,0.6503202927929596
625,0.7232097466830028,0.3894700624614327
626,0.6166785693291528,0.5400996299055307
1340,0.17721373464444923,0.27033719720955657
1687,0.40594306733140356,0.3894700592380119
627,0.25440791078895936,0.2040177842429585
1341,0.17721373464444923,0.16250439818689905
1688,0.17721373464444923,0.16594376610761516
1880,0.2802083565745269,0.34708561405232136
628,0.7289318410192337,0.6080734836279772
629,0.7289318410192337,0.648293306682668
630,0.7289318410192337,0.6475259300218986
631,0.40594307021952775,0.3894700705556836
1342,0.17721373464444923,0.16250439818689905
1689,0.17721373464444923,0.16262000169453794
1881,0.40594307181834416,0.3476166605570038
632,0.7221193993725797,0.3070488437161335
633,0.40594308050327266,0.3280628046781085
1343,0.40594307181834416,0.44347526895188233
634,0.19524121197415778,0.2657732527039738
1344,0.17721373464444923,0.2595952619816597
1690,0.4059430184112169,0.38947007575145653
635,0.7289318410192337,0.5654724516816699
636,0.6058390905357811,0.4096722822364646
1345,0.2496115132588604,0.38947006334255085
1691,0.17721373464444923,0.27367478361227937
637,0.4059430809419279,0.36456120471331793
1346,0.17721373464444923,0.1947463063801067
1692,0.3024958095828257,0.3676987430160658
1882,0.3035327705051715,0.3894700583790498
638,0.7223232534608631,0.3894700592380119
639,0.7289318410192337,0.6514208322050767
640,0.7289318410192337,0.534690341575896
641,0.40594307181834416,0.2887590141045354
1347,0.3131940992381336,0.2530871569729571
1693,0.517919755353422,0.38947005679035634
642,0.7289318410192337,0.3894700355692411
643,0.5872673594602781,0.5833471685605871
1348,0.23157652328876968,0.16426749171158653
644,0.5590060822838233,0.38947005913264204
1349,0.17721373464444923,0.2098780019727394
1694,0.17721373464444923,0.18789562311031863
645,0.7289318410192337,0.6467171102248078
646,0.661516197187773,0.3894700592380119
1350,0.2810537524184519,0.26956658867205807
1695,0.2527897895594184,0.28836123244113965
647,0.3706431463701679,0.18363239174727505
1351,0.2510572090460396,0.2369151898730608
1696,0.3892411178537133,0.31255939849661246
1883,0.4059430788697669,0.38947006334255085
648,0.7289318410192337,0.3935350500978586
649,0.7256173981162911,0.3894700592380119
650,0.7271899335217422,0.3894700592380119
651,0.40594291814924943,0.3297621935875238
1352,0.32631720043551166,0.20837176321137135
1697,0.1885021312623632,0.16250439818689905
1884,0.40594307181834416,0.28788093482240773
652,0.7289318410192337,0.16250439818689905
653,0.38268795161440883,0.16250439818689905
1353,0.40594307181834416,0.3894700696480866
654,0.17721373464444923,0.16250439818689905
1354,0.19173344679993648,0.16250439818689905
1698,0.40594293014907634,0.3894700682433233
655,0.7289318410192337,0.5525143685633607
656,0.24520892401431554,0.17269987002213405
1355,0.23314695195635365,0.18227136950870476
1699,0.7289318410192337,0.6918509373885373
657,0.17721373464444923,0.16250439818689905
1356,0.22687939564847262,0.17646837130272705
1700,0.40594307181834416,0.20879540072971464
1885,0.40594306022395366,0.47785664930256117
658,0.7289318410192337,0.6620765030205301
659,0.34546717973659635,0.16250439818689905
1357,0.6633713426469074,0.6439555440508424
660,0.7289318410192337,0.5936086905049337
661,0.3902196037666419,0.1970985198785979
1358,0.40594307181834416,0.23608169330226564
1701,0.17721373464444923,0.16250439818689905
1886,0.40594307181834416,0.2514070307953079
662,0.7289318410192337,0.3894700592380119
663,0.40594295661249497,0.45918240526342297
1359,0.7257834384532771,0.607303523722699
664,0.40594307181834416,0.38947005997927925
1360,0.7232017598287607,0.592969547236215
665,0.7289318410192337,0.6057022493639412
666,0.3151719263904921,0.24117435365412454
1361,0.6162400864180331,0.5069189282896472
667,0.40594310272167305,0.3894700385629644
1362,0.22771443624991614,0.3327420242394474
1702,0.5273870117048475,0.40444480227261664
668,0.7289318410192337,0.5233969021874829
669,0.7242708228741382,0.3894700592380119
670,0.7255770797951195,0.3894700592380119
671,0.17721373464444923,0.16250439818689905
1363,0.20835201896376307,0.16250439818689905
1703,0.2818038992255479,0.2205301154857254
672,0.722986047315538,0.2997419257029633
673,0.4059430008566813,0.232064646962466
1364,0.4059430729343935,0.25611278474674914
674,0.17721373464444923,0.16250439818689905
1365,0.17721373464444923,0.16250439818689905
1704,0.49291750278750796,0.3506854233318585
675,0.7289318410192337,0.16259333451663371
676,0.2668013758529935,0.18947687026588733
1366,0.4059429857722947,0.38404834540843524
1705,0.582891134647454,0.3894700367555471
677,0.5761487137062975,0.3800039626687336
1367,0.4059431181324784,0.32521638236211237
1706,0.6195283522406037,0.3950667305735577
678,0.720141887323168,0.2659141683606144
679,0.7289318410192337,0.19303255471777728
680,0.7272814246200138,0.24772543281942264
681,0.17721373464444923,0.16250439818689905
1368,0.17721373464444923,0.16250439818689905
1707,0.7289318410192337,0.5361132686911834
682,0.7228723462292865,0.16250439818689905
683,0.29389035242333694,0.3894700657857194
1369,0.7237456962735016,0.670184395895017
684,0.26403871070993673,0.38947008404411904
1370,0.17721373464444923,0.16250439818689905
1708,0.36563884856517326,0.3501309187485143
685,0.7267401284027327,0.16250439818689905
686,0.23478260263138273,0.33177279266127335
1371,0.17721373464444923,0.2038224483649816
1709,0.3768626366466085,0.3894700537241525
687,0.3211049691780209,0.16250439818689905
1372,0.5078518125364961,0.3915260446327371
688,0.7283722439833507,0.6145182139086373
689,0.7212949825886124,0.5064085651934399
690,0.7289318410192337,0.727377296857638
691,0.48091573595924964,0.3894700592380119
1373,0.6251315196062798,0.5468918375695485
692,0.7239994792125376,0.3894700592380119
693,0.4059429140989336,0.16250439818689905
1374,0.40594307572917343,0.3894700889967365
694,0.32845050088509753,0.1947463063801067
1375,0.20123268351606394,0.16250439818689905
1710,0.40594304231556455,0.3894700592380119
695,0.7028785478123455,0.22250821718397104
696,0.6444898141897316,0.3894700592380119
1376,0.5066728685692126,0.3894700642439166
697,0.5648344618563679,0.44069128341749714
1377,0.2761854325939069,0.16250439818689905
1711,0.17721373464444923,0.16250439818689905
1887,0.40594307181834416,0.38947006353629304
698,0.7273754833838687,0.2611156535311272
699,0.7239818237174956,0.16250439818689905
700,0.7289318410192337,0.3945400909461962
701,0.3605327715042532,0.16250439818689905
1378,0.22268588714323703,0.16250439818689905
1712,0.2959333292530087,0.16250439818689905
1888,0.3371107628641175,0.16251696410489228
702,0.7289318410192337,0.727377296857638
703,0.40594307181834416,0.2919260265766145
1379,0.5513058267777818,0.3894700702467965
704,0.40594296897287385,0.3717658938685632
1380,0.2597526876397582,0.16250439818689905
1713,0.40594307209306896,0.2325914335781927
705,0.7239540503854639,0.29189808761815816
706,0.40594300504187264,0.29464066082596124
1381,0.18963979107807946,0.16250439818689905
1714,0.40594290478263173,0.2881850433616621
707,0.3187711306372524,0.18975790607969606
1382,0.17721373464444923,0.16250439818689905
1715,0.21945259340479426,0.16250439818689905
1889,0.4500158884150736,0.38947010530992165
708,0.7207647635455097,0.37206226403563264
709,0.7202868830907659,0.38947007548153034
710,0.7218268158335223,0.3258643700626864
711,0.23895806599280442,0.16250439818689905
1383,0.2078295092987052,0.16250439818689905
1716,0.4059431602998039,0.28345457636206167
712,0.7289318410192337,0.727377296857638
713,0.5836095375392251,0.3894700527457076
1384,0.5352895795658692,0.2961626343793014
714,0.17721373464444923,0.16250439818689905
1385,0.40594311651944204,0.3358409616581028
1717,0.40594302379737146,0.26235087082694797
715,0.7289318410192337,0.3339044633189094
716,0.20083608504368694,0.16250439818689905
1386,0.17721373464444923,0.16250439818689905
1718,0.6299682965045609,0.34411295439761547
717,0.4059430672572228,0.16250439818689905
1387,0.4059430526879352,0.26175246343899833
1719,0.17721373464444923,0.16250439818689905
1890,0.40594305980705336,0.3023294188052573
718,0.7289318410192337,0.3414890237633329
719,0.7289318410192337,0.3423194257911428
720,0.6815927988036851,0.21206522606631306
721,0.17721373464444923,0.16250439818689905
1388,0.17721373464444923,0.16250439818689905
1720,0.40594298782295696,0.2136254230087769
722,0.723592379490106,0.16250439818689905
723,0.40594313648526037,0.22900984642039054
1389,0.4059430629837279,0.18521141370404512
724,0.5520642063940868,0.32568803714338507
1390,0.22162960962123415,0.16269518593273902
1721,0.38985146069521537,0.2681894303949617
725,0.7283232552778297,0.3894700592380119
726,0.546213292291599,0.38060950983822217
1391,0.3112113028186366,0.22900984642039054
1722,0.25824715136979515,0.16677107129445717
727,0.5210284797188591,0.3279890487875658
1392,0.17721373464444923,0.16250439818689905
1723,0.17721373464444923,0.16250439818689905
1891,0.28949488979582455,0.2098780019727394
728,0.7289318410192337,0.3894700592380119
729,0.7225168170932693,0.35440843249070325
730,0.7289318410192337,0.3894700592380119
731,0.4059430939650075,0.389470062179306
1393,0.40594307181834416,0.22147446986895997
1724,0.17721373464444923,0.16250439818689905
1892,0.2590637012226737,0.16250439818689905
732,0.7275099260229687,0.20486890236294525
733,0.40594308648280175,0.3894700569500322
1394,0.40594312513151776,0.31255939849661246
734,0.4059430474302357,0.2898341945437718
1395,0.2122815486630546,0.23485518516310097
1725,0.17721373464444923,0.190644711496788
735,0.7200138312743051,0.306845387892039
736,0.17721373464444923,0.16250439818689905
1396,0.17721373464444923,0.16250439818689905
1726,0.4059430829920048,0.34116938890593645
737,0.4059429982555447,0.283272304166713
1397,0.27982831391713486,0.2325914335781927
1727,0.17721373464444923,0.16250439818689905
1893,0.2840818325177059,0.25819933894384056
738,0.6141670071479082,0.30645768259735373
1398,0.7289318410192337,0.3894700592380119
739,0.7289318410192337,0.24041606309446029
740,0.7289318410192337,0.3894700592380119
741,0.40594307181834416,0.3894700592380119
1399,0.40594280267666893,0.3363462413513999
1728,0.40594307181834416,0.23924237032224788
1894,0.40594307181834416,0.3894700597732285
742,0.7289318410192337,0.2325914335781927
743,0.7285735610348398,0.3894700592380119
1400,0.40594303749505056,0.3894700504535557
744,0.6677122728619187,0.3894700446729091
745,0.7283308102282212,0.3894700592380119
746,0.7200326358558902,0.38947006130299744
747,0.27696717569534496,0.16250439818689905
1401,0.4059430978924108,0.31821483678610496
748,0.6828436023551513,0.28390430526869737
749,0.7057016525311025,0.30465709245251105
750,0.6254249020491423,0.16250439818689905
751,0.17721373464444923,0.16250439818689905
1402,0.17721373464444923,0.16250439818689905
1729,0.5477677404397296,0.28022844064086944
752,0.728258464220122,0.16250439818689905
753,0.43608921627857183,0.34061803327797846
1403,0.6689200046958734,0.38774212169559463
754,0.40594278836195724,0.278571682976441
1404,0.17721373464444923,0.16250439818689905
1730,0.3733635967239153,0.16287630987706656
755,0.7289318410192337,0.30301259623516125
756,0.40594305230032485,0.22893854341929815
1405,0.17721373464444923,0.16250439818689905
1731,0.638389019118918,0.35078299770632604
757,0.40594307405770474,0.3990314252025166
1406,0.17721373464444923,0.16250439818689905
1732,0.17721373464444923,0.16250439818689905
1895,0.405942994620829,0.178167023200713
758,0.7289318410192337,0.3490355577605012
759,0.7289318410192337,0.3894700932998014
760,0.7257480889919081,0.3106108117801158
761,0.4059430697194876,0.245084596992326
1407,0.38006357706710214,0.16250439818689905
1733,0.17721373464444923,0.16250439818689905
1896,0.405943076895489,0.16250439818689905
762,0.7239676410616033,0.16250439818689905
763,0.40594307181834416,0.21488969804847094
1408,0.40594307874606733,0.2390362920421654
764,0.6435553512944888,0.5635449929797559
1409,0.17721373464444923,0.16250439818689905
1734,0.5079704616274927,0.28177514518200614
765,0.7289318410192337,0.26765256925527353
766,0.6642451687205491,0.38947003977958783
1410,0.17721373464444923,0.16250439818689905
1735,0.17721373464444923,0.16250439818689905
767,0.4209706434305313,0.38947007369830183
1411,0.19852171776738248,0.16250439818689905
1736,0.17721373464444923,0.16250439818689905
1897,0.40594308152778447,0.19987349407252955
768,0.6743520082237161,0.16250439818689905
769,0.7215945546032323,0.21323420675529084
770,0.7203614629661768,0.20221391875952388
771,0.40594307181834416,0.16250439818689905
1412,0.40594307181834416,0.16250439818689905
1737,0.17721373464444923,0.16250439818689905
1898,0.28620129251996984,0.16250439818689905
772,0.7226698071947637,0.16250439818689905
773,0.722494377239769,0.5926589695674984
774,0.7268491060592565,0.38947006272455703
775,0.7289318410192337,0.3894700592380119
776,0.6170641097300875,0.24537627993343686
777,0.3400581361440885,0.16250439818689905
1413,0.6107793952340829,0.38947005166754967
778,0.5921880253824391,0.2034791734976967
779,0.5348113594753938,0.16250439818689905
780,0.7278706763810926,0.3894700592380119
781,0.5798597698047427,0.2898341945437718
1414,0.17721373464444923,0.16250439818689905
1738,0.37535288162637964,0.16918477145811506
782,0.6033164484215227,0.16250439818689905
783,0.40594307181834416,0.389470055561147
1415,0.4059430623116606,0.3894700571851539
784,0.6074969215044856,0.38947006059017225
1416,0.3466671286596078,0.2886658485468976
785,0.40594307181834416,0.2134641838496764
1417,0.40594307181834416,0.3894700367555471
786,0.2937151502017476,0.1626673418087643
1418,0.4059430700993378,0.30455812451364045
787,0.40594298095958564,0.29652891573994394
1419,0.17721373464444923,0.16250439818689905
1739,0.40594302119433645,0.31823278388017395
788,0.6680270315878724,0.3894700590782368
789,0.7289318410192337,0.6031903527066607
790,0.7289318410192337,0.6049068951728758
791,0.4059430343521659,0.2937326357464922
1420,0.17721373464444923,0.16250439818689905
1740,0.30637515003908883,0.17512024010976107
792,0.7289318410192337,0.3894700592380119
793,0.5689583137468011,0.21132538616077653
1421,0.5259311832718546,0.17794489958230325
794,0.28096046941801883,0.16250439818689905
1422,0.2971182974996586,0.16250439818689905
1741,0.5985089780218315,0.23794508888269855
795,0.7289318410192337,0.23545363681281065
796,0.40594306298325766,0.16250439818689905
1423,0.23948151378950433,0.16250439818689905
1742,0.6333855259991269,0.2650006097166262
797,0.40594304506226514,0.16250439818689905
1424,0.17721373464444923,0.16250439818689905
1743,0.17721373464444923,0.16250439818689905
1899,0.40594307181834416,0.16250439818689905
798,0.7289318410192337,0.22667445618619395
799,0.7289318410192337,0.2316794216192881
800,0.7221035723671738,0.16250439818689905
801,0.40594307181834416,0.16250439818689905
1425,0.33374491298735154,0.16250439818689905
1744,0.17721373464444923,0.16250439818689905
1900,0.39976673016920783,0.16250439818689905
802,0.7236667775917766,0.16250439818689905
803,0.31589129331754506,0.16250439818689905
1426,0.5859921495917023,0.3894700669947093
804,0.2284123430962262,0.16250439818689905
1427,0.17721373464444923,0.16250439818689905
1745,0.4059431222923435,0.24767274048369775
805,0.31462490160211787,0.16250439818689905
1428,0.4059430641166364,0.2161801958503263
806,0.7289318410192337,0.5915127682205688
1429,0.17721373464444923,0.16250439818689905
1746,0.5039891183546858,0.38947004898811005
807,0.40594307181834416,0.16250439818689905
1430,0.21300610132478284,0.16250439818689905
1747,0.6747321818251992,0.38947003849773776
808,0.7269891972124358,0.16250439818689905
809,0.7240260055906188,0.26133104885934694
810,0.7250912705964696,0.2601141029962073
811,0.4059430681376329,0.16250439818689905
1431,0.17721373464444923,0.16250439818689905
1748,0.17721373464444923,0.16250439818689905
1901,0.40594307181834416,0.16250439818689905
812,0.7289318410192337,0.16250439818689905
813,0.405943037254846,0.17794489958230325
1432,0.6588006041632046,0.3716965753838814
814,0.32926999741062396,0.16250439818689905
1433,0.17721373464444923,0.16250439818689905
1749,0.17721373464444923,0.16250439818689905
815,0.30311794310002854,0.16250439818689905
1434,0.6768457253320627,0.3894700964443444
816,0.40594310778579645,0.1626673418087643
1435,0.48338766881418593,0.2849919248818908
817,0.4059430730512629,0.16250439818689905
1436,0.17721373464444923,0.16250439818689905
1750,0.5943500961196821,0.2933659647615529
818,0.6550893745907416,0.23225931568307187
1437,0.17721373464444923,0.16250439818689905
819,0.7282940506951936,0.3010703893485247
820,0.7289318410192337,0.37263656341118295
821,0.4059429629382238,0.16250439818689905
1438,0.17721373464444923,0.16250439818689905
1751,0.5722303285514534,0.27396145076209955
822,0.7289318410192337,0.3156852641898367
823,0.40594307181834416,0.19602493950364322
1439,0.40594307181834416,0.1666939066189697
824,0.2953233773982574,0.16250439818689905
1440,0.17721373464444923,0.16250439818689905
1752,0.4059429328952397,0.1940771173383139
825,0.7287019199973648,0.35112032941599663
826,0.2957039100523367,0.16250439818689905
1441,0.17721373464444923,0.16250439818689905
1753,0.7285141321249289,0.5880449432435383
827,0.40594307181834416,0.16250439818689905
1442,0.40594307181834416,0.16250439818689905
1754,0.23036789737838065,0.16250439818689905
1902,0.5226883129170461,0.4259560037736216
828,0.7289318410192337,0.45001130590731436
829,0.405943056848414,0.16250439818689905
1443,0.23283320274906108,0.16250439818689905
830,0.7289318410192337,0.46890316658243403
831,0.33968572453931684,0.16250439818689905
1444,0.4059430696682553,0.16250439818689905
1755,0.40594295377147466,0.16250439818689905
832,0.7289318410192337,0.1947463063801067
833,0.40594294590509794,0.2566758116951676
1445,0.6092816817223794,0.38947007155270447
834,0.5355569905081143,0.3894700592380119
1446,0.17721373464444923,0.16250439818689905
1756,0.6402243492696508,0.3894700701874097
835,0.7289318410192337,0.38947005495259207
836,0.40594292021487244,0.2697784711257653
1447,0.17721373464444923,0.16620208696662991
1757,0.28897943852810454,0.24979870965630233
837,0.40594307181834416,0.277771929115123
1448,0.40594307181834416,0.16250439818689905
1758,0.17721373464444923,0.16664163649064698
1903,0.4059430616899768,0.3894700737420115
838,0.7289318410192337,0.36403603042948496
839,0.7289318410192337,0.38947007353962104
840,0.7109918934992266,0.18643615730850188
841,0.4059428682832436,0.21682053799727158
1449,0.17721373464444923,0.16250439818689905
1759,0.3303661780038517,0.16250439818689905
842,0.7225064174702664,0.16250439818689905
843,0.3022642315266314,0.16250439818689905
1450,0.4059430747863554,0.166150133839713
844,0.4059430884830001,0.16250439818689905
1451,0.21920856073969006,0.16250439818689905
1760,0.23985706033578982,0.16250439818689905
845,0.7289318410192337,0.2793601816398113
846,0.34680659934019714,0.16250439818689905
1452,0.4059431590696417,0.21376674241458157
1761,0.5409124918293803,0.3036354518671222
847,0.17721373464444923,0.16250439818689905
1453,0.21968758405328867,0.16250439818689905
1762,0.17721373464444923,0.16250439818689905
1904,0.40594307181834416,0.16635680597509514
848,0.7289318410192337,0.38947006310664195
849,0.7289318410192337,0.3894700583303542
850,0.7289318410192337,0.281477556235707
851,0.4059431909199205,0.23491172849919464
1454,0.31976811767285895,0.16250439818689905
1763,0.18248913470649858,0.16250439818689905
1905,0.40594309408278884,0.1898497540217382
852,0.7276164110123988,0.16250439818689905
853,0.40594307181834416,0.3894700592380119
1455,0.46083600491573795,0.3894700499778601
854,0.3386273344375347,0.2540177861685765
1456,0.48046941496432694,0.38947002549517185
855,0.7289318410192337,0.22689853834404602
856,0.6401274140110518,0.3894700592380119
1457,0.17721373464444923,0.16250439818689905
1764,0.40594291714504477,0.3894700592380119
857,0.405943026231022,0.24782551065067962
1458,0.405943080190641,0.30268142805230125
1765,0.31162370336207584,0.2829271203068714
858,0.6697352790924884,0.2149983370171485
859,0.7274841687233203,0.3894700592380119
860,0.6948244469932875,0.3894700609198424
861,0.6433813169835468,0.433371123299899
1459,0.17721373464444923,0.16250439818689905
1766,0.17721373464444923,0.16250439818689905
1906,0.3064839377062612,0.17633660089250516
862,0.7289318410192337,0.3894700990610808
863,0.40594312525903836,0.2207237895826668
1460,0.5288569924227872,0.38947004468356544
864,0.17721373464444923,0.16250439818689905
1461,0.17721373464444923,0.16250439818689905
1767,0.40594307341750524,0.36400463124184357
865,0.727279690170203,0.3894700722937505
866,0.2600034280057808,0.16250439818689905
1462,0.5515503104626345,0.3894700575645313
867,0.4451505510038193,0.2396323861693787
1463,0.3567726406978623,0.21450275949845637
1768,0.4059430811442332,0.3065276938238057
868,0.7268471567937713,0.3894700592380119
869,0.7289318410192337,0.5279041549384994
870,0.7233946408486417,0.38947004755722764
871,0.6429291733967534,0.41470803644396775
1464,0.17721373464444923,0.16250439818689905
1769,0.24032078943749463,0.16250439818689905
1907,0.40594307181834416,0.17633660089250516
872,0.7259334242626866,0.2657732527039738
873,0.7232406839027107,0.727377296857638
1465,0.5953938666322705,0.4133035359583929
874,0.5305930506113054,0.389470066995259
1466,0.4059430682326305,0.322421706157549
875,0.7238339133871585,0.38947006360810216
876,0.5577142036857599,0.38947006029544357
1467,0.22813706052873642,0.16250439818689905
1770,0.17721373464444923,0.16250439818689905
877,0.40594304949407345,0.26373634617391983
1468,0.20810329936707292,0.16250439818689905
1771,0.17721373464444923,0.16250439818689905
878,0.3276225516891219,0.16250439818689905
1469,0.31292587804582306,0.16250439818689905
879,0.7269132181667524,0.5798544757652127
880,0.6761704855136672,0.3894700592380119
881,0.3530026539849296,0.16250439818689905
1470,0.17721373464444923,0.16250439818689905
1772,0.3316958684595469,0.16250439818689905
882,0.7248098436897205,0.38947005547687746
883,0.2720711181415882,0.19865906775242065
1471,0.7229183092195942,0.6708084889259207
884,0.6039687273716062,0.3894700763596808
1472,0.17721373464444923,0.16250439818689905
1773,0.30393671451784865,0.2566758116951676
885,0.7289318410192337,0.3894700592380119
886,0.5787622431652206,0.38947006293095615
1473,0.17721373464444923,0.16250439818689905
1774,0.4250229303694827,0.41306683508884495
887,0.1897778571191382,0.16250439818689905
1474,0.17721373464444923,0.16250439818689905
1775,0.2863546865066748,0.23683950321369118
888,0.7289318410192337,0.17125430227708613
889,0.7289318410192337,0.5279041549384994
890,0.7289318410192337,0.5185603242717007
891,0.4365122904910568,0.273536752353753
1475,0.3168922182268177,0.16250439818689905
1776,0.4059430669578847,0.2644657453398942
892,0.7274690706316157,0.2958542662269967
893,0.4059430224885832,0.22456025872517701
1476,0.3566077340155286,0.2426202838851753
894,0.5307914964201997,0.338074017122202
1477,0.17721373464444923,0.16250439818689905
1777,0.4059430997188743,0.3509143159936452
895,0.6936723744702945,0.3725403410336632
1478,0.7013689956303725,0.3894700592380119
896,0.40594294085247445,0.3576360383995604
1479,0.17721373464444923,0.16250439818689905
1778,0.17721373464444923,0.16250439818689905
897,0.4059429910658922,0.2997625698648901
1480,0.405942974637794,0.38947005437062154
1779,0.17721373464444923,0.16250439818689905
1908,0.4059430798123613,0.3099456046349772
898,0.7233069911753153,0.3894700592380119
899,0.7289318410192337,0.3894700592380119
900,0.7289318410192337,0.38947006323788586
901,0.4059428113655245,0.3894700578531906
1481,0.17721373464444923,0.16250439818689905
1780,0.17721373464444923,0.16250439818689905
1909,0.40594304641716805,0.33544050607244164
902,0.7257422333785302,0.21450275949845637
903,0.40594307181834416,0.36612933605740683
1482,0.6202496201766263,0.3894700586750421
904,0.6291094346345375,0.5582876523886147
1483,0.17721373464444923,0.16250439818689905
1781,0.40594301424231416,0.27377557448556467
905,0.40594307181834416,0.3894700602417288
1484,0.6560713436184789,0.3451826976558663
906,0.40594305142295484,0.3894700686420834
1485,0.17721373464444923,0.16250439818689905
1782,0.5666176229413827,0.3894700740605959
907,0.40594307033587274,0.3894700592380119
1486,0.22690920599962483,0.2185671084098782
1783,0.17721373464444923,0.16250439818689905
1910,0.40594307181834416,0.28177514518200614
908,0.5798634321364213,0.5021200788598296
1487,0.4083801001841005,0.24272671038727595
909,0.7289318410192337,0.3894700592380119
910,0.7289318410192337,0.3894700592380119
911,0.40594307181834416,0.2959917083071855
1488,0.17721373464444923,0.16250439818689905
1784,0.40594307181834416,0.24351120468043494
1911,0.4059429462151966,0.3150053098512351
912,0.7289318410192337,0.38947009990706905
913,0.40594310439979353,0.38947008012075796
1489,0.40594285554079046,0.2889904849178211
914,0.35746790071142287,0.3079756338626934
1490,0.17721373464444923,0.16250439818689905
1785,0.17721373464444923,0.16250439818689905
915,0.7289318410192337,0.25185293632691075
916,0.7270865500993573,0.7157522740431295
1491,0.5384092890023128,0.45131575770696075
917,0.32645332291704166,0.30560367452822573
1492,0.3518916034425681,0.21803247186484406
1786,0.6758196519791898,0.6251442061428831
918,0.7289318410192337,0.719258322980402
919,0.727811957259916,0.6196408432900112
920,0.6341436837041684,0.358544859103395
921,0.40594307181834416,0.28431104553374825
1493,0.21541010317513526,0.16250439818689905
1787,0.17721373464444923,0.16250439818689905
1912,0.40594307181834416,0.3894700592380119
922,0.7289318410192337,0.6898140288088704
923,0.4059431529408589,0.727377296857638
1494,0.5847263793296533,0.727377296857638
924,0.7212786539102994,0.7269010076396487
925,0.4059430385265243,0.7214658052508267
1495,0.40594314395111636,0.727377296857638
926,0.4059430713197368,0.727377296857638
1496,0.4059430701691422,0.7247572503720815
927,0.40594287660801015,0.727377296857638
1497,0.2195664064307203,0.7192960590225025
1788,0.4059429055297132,0.727377296857638
928,0.7262904775613883,0.727377296857638
1498,0.40594307181834416,0.7200908793227586
929,0.7289318410192337,0.727377296857638
930,0.7289318410192337,0.727377296857638
931,0.3062098134377104,0.727377296857638
1499,0.40594307181834416,0.727377296857638
1789,0.25381183531375956,0.7269831179953649
1913,0.4059430588989283,0.727377296857638
932,0.7289318410192337,0.7098498577348173
933,0.40594307044465927,0.727377296857638
1500,0.4059429829905716,0.7242706198399899
934,0.7258377321712662,0.727377296857638
1501,0.33405661146316984,0.7200448724513067
935,0.7245617927041047,0.727377296857638
936,0.7255987234576232,0.727377296857638
1502,0.3264033683310173,0.6942019940783248
937,0.6379301557529119,0.727377296857638
1503,0.34682602554390524,0.727377296857638
1790,0.22102545309813618,0.7227303703937066
938,0.7205768382112524,0.727377296857638
939,0.7218228047022384,0.727377296857638
940,0.7240603742461431,0.727377296857638
941,0.3682966689380855,0.727377296857638
1504,0.17721373464444923,0.5993089972072371
1791,0.17787150380829012,0.7222988843457069
942,0.7289318410192337,0.727377296857638
943,0.7289318410192337,0.727377296857638
944,0.40594306030251565,0.7175346304586018
1505,0.40594291656711023,0.7219500147859926
945,0.7274701290257402,0.727377296857638
946,0.39214816527343405,0.727377296857638
1506,0.3061239061439076,0.7237222644325952
1792,0.18923472277878534,0.727377296857638
947,0.45741034099552486,0.727377296857638
1507,0.29868883331867324,0.7240482395709735
1793,0.17721373464444923,0.6649937017258001
1914,0.17721373464444923,0.7192241667574796
948,0.7289318410192337,0.727377296857638
949,0.7263378694691817,0.727377296857638
950,0.7289318410192337,0.727377296857638
951,0.40594307181834416,0.727377296857638
1508,0.40594307983403416,0.727377296857638
1794,0.23794313814757015,0.7179169007483831
1915,0.17721373464444923,0.6452447048212067
952,0.7242480690707587,0.727377296857638
953,0.40594305499612215,0.727377296857638
1509,0.40594307181834416,0.6476965630513817
954,0.4059430714331498,0.7194622364686557
1510,0.4059430786315943,0.7045561359876846
955,0.7282082261813654,0.727377296857638
956,0.6069616797283526,0.727377296857638
1511,0.40594308603375917,0.6767748739056504
957,0.6729346046211904,0.727377296857638
1512,0.17721373464444923,0.6394047673299419
1795,0.17721373464444923,0.6100981980215437
958,0.7289318410192337,0.727377296857638
959,0.7271733725310058,0.727377296857638
960,0.723714619398362,0.727377296857638
961,0.49314780402368474,0.727377296857638
1513,0.609556506234374,0.727377296857638
1796,0.17721373464444923,0.6100333872450792
962,0.7289318410192337,0.727377296857638
963,0.5257256897802531,0.727377296857638
1514,0.40594307181834416,0.727377296857638
964,0.40594307181834416,0.727377296857638
1515,0.7279063150799013,0.727377296857638
965,0.4059431124601433,0.724301238593976
1516,0.4059430628746502,0.6665475744968963
966,0.386898014768351,0.727377296857638
1517,0.726852325036162,0.727377296857638
967,0.5391146062266601,0.727377296857638
1518,0.2459719658279236,0.7233051161993602
1797,0.17721373464444923,0.7223194826966475
1916,0.20849478653805079,0.7208597768686754
968,0.4059430773874841,0.727377296857638
1519,0.46690998819152857,0.727377296857638
969,0.7278414512481701,0.727377296857638
970,0.7250715830543243,0.727377296857638
971,0.658430644419277,0.727377296857638
1520,0.17721373464444923,0.6405033323631734
1798,0.202333988619887,0.727377296857638
972,0.7289318410192337,0.727377296857638
973,0.40594304554895966,0.3894700592380119
1521,0.4059430925951437,0.670778612697062
974,0.4059430822294652,0.5163828682164535
1522,0.405943022931541,0.6357315435251667
975,0.40594298666115947,0.3894700592380119
1523,0.40594307181834416,0.6371548745784612
976,0.4035515988425325,0.5477406851776747
1524,0.40594304828583117,0.6701904671859907
977,0.2980814518836487,0.5286015214029458
1525,0.32214823661515973,0.3894700592380119
1799,0.4059431165077517,0.6027776275073169
978,0.40594307181834416,0.2754575983592389
1526,0.40594308786344213,0.3894700592380119
979,0.7289318410192337,0.727377296857638
980,0.7289318410192337,0.727377296857638
981,0.40594307181834416,0.727377296857638
1527,0.4059431029753694,0.7266499016843039
1800,0.40594307181834416,0.6355468155518745
1917,0.40594312805962246,0.7221378873607444
982,0.7209335397504031,0.3265638313106544
983,0.7289318410192337,0.727377296857638
984,0.5344357006415401,0.7243713861249791
1528,0.6539083728101307,0.727377296857638
985,0.40594312423957524,0.6214387718531929
1529,0.40594307181834416,0.7224246524783411
986,0.4059431685588262,0.727377296857638
1530,0.17721373464444923,0.5958901378923044
1801,0.17721373464444923,0.6980803399836847
987,0.48977066111500167,0.727377296857638
1531,0.4059430718224906,0.7245120561821562
1802,0.6095064297211978,0.727377296857638
988,0.40594304803866793,0.727377296857638
1532,0.26514641572469333,0.3894700592380119
989,0.7226429965654726,0.727377296857638
990,0.7228916273676833,0.727377296857638
991,0.21616888739303367,0.6581878637699901
1533,0.4059430699193126,0.727377296857638
1803,0.24966866989088504,0.6612901827138028
1918,0.2128041960465594,0.577654217029379
992,0.7264811887532227,0.7249703588759426
993,0.7254097451460263,0.727377296857638
994,0.7207508090933398,0.727377296857638
995,0.7229521631059341,0.727377296857638
996,0.7205227071013963,0.727377296857638
997,0.7267735467852536,0.727377296857638
1534,0.3771677462167743,0.727377296857638
998,0.7278528894161543,0.727377296857638
999,0.720547974159629,0.727377296857638
1000,0.7244323536473516,0.727377296857638
1001,0.20700832593373675,0.727377296857638
1535,0.34798171447270754,0.727377296857638
1804,0.17721373464444923,0.722392752008487
1002,0.7275535467264388,0.727377296857638
1003,0.7282043581475807,0.727377296857638
1536,0.7195629401174918,0.727377296857638
1004,0.6430290696862859,0.727377296857638
1537,0.611385758029032,0.727377296857638
1805,0.40594307181834416,0.727377296857638
1005,0.7271101996483347,0.727377296857638
1538,0.40594307181834416,0.7237986142936277
1006,0.40594294553159094,0.727377296857638
1539,0.20039178269524308,0.6016469942039152
1806,0.1950919256179536,0.7047837519722
1007,0.40594307181834416,0.6695690332701323
1540,0.40594307181834416,0.7211313589374067
1807,0.17721373464444923,0.4702600276777264
1919,0.287253540277748,0.7247012796269897
1008,0.7225749642725308,0.727377296857638
1009,0.7245770152023234,0.727377296857638
1010,0.7246805224382514,0.727377296857638
1011,0.40594307181834416,0.7223749165200514
1541,0.17721373464444923,0.2654135242320967
1808,0.19737619859274247,0.5098385980659453
1920,0.17721373464444923,0.4760772312435994
1012,0.7289318410192337,0.6611785616141637
1013,0.5564424437287533,0.5900182625617096
1542,0.3300101355855966,0.5163828682164535
1014,0.6653005143306358,0.5971981689237513
1543,0.40594307181834416,0.4870741711228496
1015,0.7287201402186968,0.6543534196996101
1544,0.5763703512632955,0.6044869957761794
1016,0.6454322727749924,0.6346980219740355
1545,0.18889503921898051,0.3894700552471424
1809,0.17721373464444923,0.278571682976441
1017,0.6391111613565525,0.6316509145183996
1546,0.40594307181834416,0.4884456351317133
1810,0.2212062670964512,0.3894700664274409
1018,0.7261673766962469,0.6208660071265159
1019,0.7289318410192337,0.6660907633588844
1020,0.7289318410192337,0.6540987946004703
1021,0.3560758935816986,0.3894700646597324
1547,0.17721373464444923,0.1642832224858524
1811,0.1952474730147197,0.29185834916981496
1921,0.17721373464444923,0.33817291060411425
1022,0.7221506668951282,0.3894700592380119
1023,0.727898126878361,0.727377296857638
1548,0.40594301118131254,0.727377296857638
1024,0.7289318410192337,0.727377296857638
1025,0.7201474373653576,0.7231440143196307
1026,0.6155926872811303,0.727377296857638
1549,0.0,0.16983871985578722
1812,0.40594307064044693,0.719088390725678
1027,0.40594307181834416,0.6581575778952541
1550,0.40594307181834416,0.6793786460472112
1813,0.37200621761327934,0.6756387034299957
1922,0.3340549265609164,0.7247012796269897
1028,0.7262124644816532,0.727377296857638
1029,0.7257080993512387,0.723899442844277
1030,0.7228699297863851,0.727377296857638
1031,0.40594307181834416,0.6958874215500728
1551,0.17721373464444923,0.4433112722801262
1814,0.2206960259025103,0.5026437891553386
1923,0.4059430667913576,0.7234406480036896
1032,0.725142345512663,0.6384724643190781
1033,0.7215191871298368,0.5159531045337263
1034,0.3057916126873984,0.29874206856017643
1552,0.67449479865311,0.5778631899770961
1035,0.40594307181834416,0.2895284208568987
1553,0.5359899774375254,0.44443122678274044
1036,0.25937279980038935,0.20974224328620003
1554,0.7007108921518349,0.6318421888097218
1037,0.17721373464444923,0.16250439818689905
1555,0.19035661253785416,0.2536368134009701
1815,0.4059430359612106,0.3894700592380119
1038,0.4191434030193122,0.3894700592380119
1556,0.40594307181834416,0.3894700592380119
1039,0.7279109944176562,0.5858819115426466
1040,0.7289318410192337,0.727377296857638
1041,0.35922931256216306,0.2682330204261186
1557,0.2993596105287317,0.24891137816378275
1816,0.17721373464444923,0.16250439818689905
1924,0.40594307181834416,0.3894700592380119
1042,0.7253190027480364,0.16250439818689905
1043,0.40594307181834416,0.721688835324634
1558,0.4059430625981213,0.7224399610506274
1044,0.7289318410192337,0.727377296857638
1045,0.7289318410192337,0.727377296857638
1046,0.5381496699989263,0.727377296857638
1559,0.4828080640871034,0.727377296857638
1817,0.5870510207744191,0.727377296857638
1047,0.17721373464444923,0.17253150984079324
1560,0.18717481244603074,0.3894700746833461
1818,0.28794639981672604,0.5365180883063331
1048,0.7289318410192337,0.6516925314944835
1049,0.7238839220812106,0.5395491216716257
1050,0.7289318410192337,0.6472001531826685
1051,0.19710131807891057,0.37997008275075395
1561,0.21558304928062433,0.38947006209495627
1819,0.24178306784209153,0.3894700592380119
1925,0.40594307181834416,0.7224863584657556
1052,0.7289318410192337,0.6190076031344965
1053,0.7289318410192337,0.727377296857638
1054,0.7255908854086184,0.7227170576436693
1055,0.7289318410192337,0.7133996014776626
1056,0.7242184774195388,0.727377296857638
1057,0.40594307181834416,0.6616994616137815
1562,0.40594307181834416,0.6579852921803521
1058,0.7260641004579381,0.727377296857638
1059,0.7289318410192337,0.7202682882483232
1060,0.7276001148247618,0.5818405693471792
1061,0.22014543190524055,0.30830284211398234
1563,0.17721373464444923,0.16250439818689905
1820,0.2333957396339495,0.38947005872302054
1062,0.7289318410192337,0.5971981689237513
1063,0.7289318410192337,0.7253945191882698
1064,0.7289318410192337,0.7192927041165655
1065,0.7289318410192337,0.7194402923838701
1066,0.7201674837994292,0.6401088471409905
1067,0.3497836065952205,0.1991225336173716
1564,0.4059430783449184,0.5163828682164535
1068,0.7239407822529199,0.5879632296716134
1069,0.7237938509858656,0.6249901551936555
1070,0.7289318410192337,0.3894700592380119
1071,0.23096755116726475,0.2816553258615339
1565,0.17721373464444923,0.16250439818689905
1821,0.2340297480505069,0.36128624229983647
1072,0.7289318410192337,0.33941567781380866
1073,0.7251566930019857,0.727377296857638
1074,0.7022944417432517,0.727377296857638
1566,0.26540217618948675,0.6599073501243916
1075,0.7289318410192337,0.727377296857638
1076,0.7266904036371231,0.727377296857638
1567,0.4059430586539458,0.727377296857638
1077,0.17721373464444923,0.3894700592380119
1568,0.7155387506569678,0.727377296857638
1822,0.4059431266331555,0.727377296857638
1078,0.7289318410192337,0.727377296857638
1079,0.7266844208816065,0.727377296857638
1080,0.7289318410192337,0.727377296857638
1081,0.21342865087328317,0.5153620298366564
1569,0.17721373464444923,0.3412529744523303
1823,0.251566855264252,0.6130620051515551
1082,0.7252677684016215,0.727377296857638
1083,0.7266042836423874,0.727377296857638
1570,0.36754329293960797,0.6799252075495027
1084,0.6484237633208109,0.7269778527476062
1571,0.5898045003415542,0.727377296857638
1824,0.17721373464444923,0.6662651418638446
1085,0.7289318410192337,0.6796338957644177
1086,0.6848448466190207,0.727377296857638
1572,0.40594307042886457,0.6981500227413379
1087,0.5549147908990694,0.7201327584669619
1573,0.40594312778201436,0.7237411628381853
1825,0.17721373464444923,0.3894700592380119
1088,0.7284817514668337,0.727377296857638
1089,0.7219770748121829,0.727377296857638
1090,0.7215602352535285,0.7272156053503788
1091,0.2544064039399315,0.6142316308629168
1574,0.17721373464444923,0.38947007643333376
1826,0.3381471119786582,0.7226941579121977
1092,0.7265010929664403,0.3894700592380119
1093,0.7289318410192337,0.727377296857638
1094,0.7289318410192337,0.727377296857638
1095,0.7287366749481761,0.727377296857638
1096,0.40594307181834416,0.727377296857638
1575,0.4059430654894403,0.7268167300840814
1097,0.7074824557659742,0.727377296857638
1576,0.36622875317003495,0.7261544863485149
1827,0.2504972790395066,0.7163513321566348
1098,0.7236461635041783,0.727377296857638
1099,0.7289318410192337,0.727377296857638
1100,0.7289318410192337,0.727377296857638
1101,0.17721373464444923,0.32099819860087603
1577,0.18900147029345168,0.45665089003794623
1828,0.23781738219127246,0.6727374564611887
1102,0.7289318410192337,0.6995993203266462
1103,0.7289318410192337,0.727377296857638
1104,0.7289318410192337,0.727377296857638
1105,0.7282486027283899,0.727377296857638
1106,0.40594307181834416,0.727377296857638
1578,0.40594304961749844,0.727377296857638
1107,0.40594307181834416,0.7230001113641651
1579,0.40594306729051743,0.727377296857638
1108,0.726884215560391,0.727377296857638
1109,0.7201232098862155,0.727377296857638
1110,0.7289318410192337,0.727377296857638
1111,0.40594307181834416,0.727377296857638
1580,0.40594307181834416,0.727377296857638
1112,0.7212358130654754,0.727377296857638
1113,0.7249253387708848,0.711894819588563
1114,0.7289318410192337,0.727377296857638
1115,0.7289318410192337,0.727377296857638
1116,0.40594307181834416,0.727377296857638
1581,0.40594301776716285,0.718547251138125
1117,0.17721373464444923,0.38947006294882486
1582,0.40594312322488,0.7273383104058212
1829,0.1807889230280924,0.5715420131897208
1118,0.728911056848465,0.7198481323303404
1119,0.7289318410192337,0.7216937574863355
1120,0.7289318410192337,0.7205120352770433
1121,0.4059430588483309,0.727377296857638
1583,0.33918660953321106,0.7264512841227475
1830,0.25083789975732224,0.5809231189111985
1122,0.7224070656075319,0.727377296857638
1123,0.7289318410192337,0.727377296857638
1124,0.7263939946445092,0.727377296857638
1584,0.5970080240304431,0.727377296857638
1125,0.6627267890462509,0.727377296857638
1585,0.7084142885527104,0.727377296857638
1126,0.6864034447611922,0.727377296857638
1586,0.3489953443323342,0.727377296857638
1831,0.4059430932929715,0.727377296857638
1127,0.4059430624254165,0.727377296857638
1587,0.17721373464444923,0.5542485086646078
1832,0.17721373464444923,0.727377296857638
1926,0.22385910116353724,0.7259401503933393
1128,0.7286341965469352,0.7199550651808743
1129,0.4059430986577189,0.727377296857638
1588,0.4059430759140539,0.727377296857638
1130,0.7289318410192337,0.727377296857638
1131,0.7289318410192337,0.727377296857638
1589,0.25126696084167793,0.727377296857638
1833,0.19809636589195637,0.7196698898404963
1132,0.7289318410192337,0.727377296857638
1133,0.7047113994766558,0.727377296857638
1590,0.7284374991860849,0.727377296857638
1134,0.6245299841471227,0.7252887890764048
1591,0.40594307181834416,0.6602814804315674
1135,0.7282273584164215,0.3935350500978586
1136,0.2087881041220516,0.47785664930256117
1592,0.2570374776395163,0.5809591007038821
1834,0.19075266030680535,0.6190076031344965
1137,0.40594293544142235,0.7085804126474111
1593,0.2706450020727432,0.5591020535522014
1835,0.40594298196601475,0.6835278346436832
1138,0.7289318410192337,0.727377296857638
1139,0.723994683945749,0.727377296857638
1140,0.7289318410192337,0.727377296857638
1141,0.4059431308193016,0.6874457298996369
1594,0.24912589612611133,0.5563248558945877
1836,0.5897727768127754,0.7228888499927277
1142,0.7217697392867025,0.38947006029544357
1143,0.4059428754128395,0.7238708636506749
1595,0.3970573688552275,0.5403404820683263
1144,0.7245214289336669,0.6820115580042759
1145,0.7249758030944795,0.6617544395671092
1146,0.7276859862344488,0.7249179584932709
1147,0.4059431717922849,0.5835059722623188
1596,0.4059430643491379,0.613670767437824
1148,0.7289318410192337,0.6442791614748083
1149,0.7289318410192337,0.726938582638535
1150,0.7289318410192337,0.7218267472032701
1151,0.4059430705329217,0.6804155484544285
1597,0.17721373464444923,0.5422017348374861
1837,0.6082394342204698,0.7228354271033063
1152,0.7280761710558039,0.532568273593712
1153,0.4059430478753608,0.3894700592380119
1598,0.40594307181834416,0.5473142667285127
1154,0.4059429903911413,0.3894700465030472
1599,0.40594308923364664,0.3894700592380119
1155,0.5308403105285842,0.4110616308998717
1600,0.693581062927522,0.6645737759357931
1156,0.6667657597045034,0.6190076031344965
1601,0.6151235959243009,0.6397990445081402
1157,0.6011963852512388,0.5948180291601644
1602,0.17721373464444923,0.3894700592380119
1838,0.5419583460663533,0.5987819178342301
1158,0.7289318410192337,0.6461330017950323
1603,0.29324461411500224,0.3894700592380119
1159,0.7289318410192337,0.6617962177033351
1160,0.7289318410192337,0.6369976773011436
1161,0.17721373464444923,0.29683956145223245
1604,0.17721373464444923,0.2857329450562633
1839,0.18820822758794933,0.33579210538875404
1162,0.7276713564293723,0.5163828682164535
1163,0.7186782004326873,0.6633036081794276
1605,0.40594307181834416,0.6614230889668251
1164,0.6861322260066857,0.5609341678765308
1606,0.17721373464444923,0.3354871289791007
1840,0.17721373464444923,0.5230537725581998
1165,0.7289318410192337,0.6110155845832272
1166,0.7289318410192337,0.6390761253586791
1607,0.17721373464444923,0.2870623813660543
1841,0.17721373464444923,0.3066437711631257
1167,0.5113886254124216,0.3894700592380119
1608,0.34396243253225695,0.3894700592380119
1842,0.4059430741545469,0.3894700592380119
1168,0.7287852598669643,0.3894700592380119
1169,0.7289318410192337,0.422218618695383
1170,0.723063560040403,0.48022782890247223
1171,0.6303058593907669,0.6582185588353527
1609,0.5239347088846371,0.42868744613516574
1843,0.40594307181834416,0.44036419655968634
1172,0.7218898657430729,0.3894700542398137
1173,0.7236834090620846,0.727377296857638
1174,0.7202544078521604,0.6660483405577473
1175,0.7210264790511696,0.4268412895397013
1176,0.7289318410192337,0.6295121079386504
1177,0.4059430498408838,0.545683136976117
1610,0.4059431298705463,0.5673992534578705
1178,0.7207772078276501,0.6546274819467113
1179,0.6762774212175293,0.6087520567869421
1180,0.7289318410192337,0.727377296857638
1181,0.40594284890176335,0.6548226823544625
1611,0.2157714505790752,0.4125338696061829
1844,0.17721373464444923,0.40274092468863304
1182,0.726570815114904,0.5609341678765308
1183,0.4059430735217449,0.6521296804838652
1612,0.7279725474439402,0.675273847636008
1184,0.4059430913720085,0.3894700757327336
1613,0.4059429865769641,0.3894700592380119
1185,0.7221417273220019,0.4662909938768761
1186,0.4059430817503416,0.38947004763044146
1614,0.40594307181834416,0.38947005045452765
1187,0.5221373316712292,0.3894700565874946
1615,0.39119417294234304,0.3894700612175015
1845,0.17721373464444923,0.3894700648667078
1188,0.4059430719871264,0.3894700592380119
1616,0.3782962455751941,0.38357724790475806
1189,0.7289318410192337,0.727377296857638
1190,0.7289318410192337,0.7027601966209731
1191,0.582519044165286,0.5975340374617577
1617,0.40594306814506437,0.3894700592380119
1846,0.20015497403791957,0.2948128677045928
1192,0.7281554990075899,0.38065243260128645
1193,0.7283839751605722,0.6729670504601207
1194,0.40594310396379496,0.3894700592380119
1618,0.32183439195885827,0.2767550203863968
1195,0.7214913703964133,0.4975105655866502
1196,0.7289318410192337,0.647919527598948
1197,0.4059430700446805,0.3894700590009811
1619,0.5453448043925494,0.5797648313842392
1198,0.7245827830323205,0.4786243864582149
1199,0.7248435438539356,0.6302891168832594
1200,0.7200455821742591,0.5630045941540194
1201,0.27556924790349974,0.3894700636174569
1620,0.1902357269311641,0.27630732298280786
1847,0.17721373464444923,0.30556177750425384
1202,0.7262282218428858,0.47785664930256117
1203,0.222422115022513,0.3135830572410968
1621,0.7251258858858027,0.6896542621338978
1204,0.40594301667423205,0.3644525978587932
1622,0.40594307181834416,0.29269058093951067
1205,0.7289318410192337,0.4774360939593993
1206,0.61261975678419,0.5076243354782001
1623,0.3512577642860537,0.38947003685345666
1207,0.6745396677302371,0.4411610834778896
1624,0.3712247691550304,0.38947008622210694
1848,0.18134239895572835,0.29934933793349583
1208,0.7289318410192337,0.5736686588695106
1209,0.7285607704958469,0.3166969145324162
1210,0.7281889009016428,0.38947005095650283
1211,0.3246910855425616,0.2713798463962241
1625,0.3843418227713723,0.2996030120274783
1849,0.17721373464444923,0.16251696410489228
1212,0.7235341358308129,0.28177514518200614
1213,0.536898181095856,0.6724300363379436
1626,0.4059431384406077,0.3894700592380119
1214,0.4814759703122796,0.5650296250192377
1627,0.6574003657107237,0.532568273593712
1215,0.40594307181834416,0.5531367939990288
1628,0.6266091671894279,0.5233969021874829
1216,0.7276533814400732,0.6382660192030684
1629,0.3656529547798414,0.3894700592380119
1217,0.40594312614279937,0.3894700592380119
1630,0.17721373464444923,0.3727736663213394
1850,0.17721373464444923,0.31588788968437587
1218,0.7289318410192337,0.6452393795229833
1219,0.7205818707774178,0.5736686588695106
1220,0.7289318410192337,0.6421892962059145
1221,0.17721373464444923,0.3609328248091474
1631,0.31213173193558635,0.3894700592380119
1851,0.25839588198778374,0.38947006091507747
1222,0.7227541939006686,0.3894700592380119
1223,0.4059430794843577,0.5616940545236596
1632,0.367394035399783,0.541566576888784
1224,0.35231355153696464,0.5583010891941446
1633,0.7278629704879773,0.7101398991065273
1225,0.7289318410192337,0.48780832238818345
1226,0.40594307181834416,0.5736686588695106
1634,0.7275443317278952,0.7232797101152324
1227,0.5968631556568831,0.6742559452418647
1635,0.40594307181834416,0.5971981689237513
1852,0.5150879504426167,0.6678744939408883
1228,0.7272818237117122,0.7073284257065497
1229,0.724302843796947,0.645971868532264
1230,0.7261304928755489,0.5877911635124264
1231,0.17721373464444923,0.3223794449348483
1636,0.17721373464444923,0.3832034901502689
1853,0.4059429438244901,0.5268257679023978
1232,0.7289318410192337,0.3894700588808552
1233,0.40594307181834416,0.5294577180819097
1637,0.5065036553002744,0.3894700592380119
1234,0.7289318410192337,0.45412658443164833
1638,0.5548277543145238,0.3894700592380119
1235,0.6741883730493345,0.3894700722937505
1639,0.6651688764675667,0.3894700592380119
1236,0.700777868553729,0.5246787626600997
1640,0.17721373464444923,0.23239371470442066
1854,0.2748945431301652,0.38947006010805274
1237,0.22516033185030385,0.16250439818689905
1641,0.17721373464444923,0.16250439818689905
1855,0.31105248211269687,0.3538877798113136
1238,0.7220667963782044,0.3894700592380119
1239,0.7273337761771321,0.3680470774468012
1240,0.7289318410192337,0.28810750490490034
1241,0.405943070703784,0.29721632064180986
1642,0.17721373464444923,0.19184298322343954
1856,0.6041169911127233,0.47053555699550403
1242,0.7289318410192337,0.16287630987706656
1243,0.2617435577067779,0.38947005638585686
1643,0.40594307181834416,0.5548471010361439
1244,0.4039876836374706,0.29750851845120424
1644,0.32441965638809384,0.184054049461666
1245,0.7289318410192337,0.3894700592380119
1246,0.7231925080995824,0.727377296857638
1645,0.32158811354168404,0.3894700592380119
1247,0.7289318410192337,0.727377296857638
1646,0.3493638399966532,0.3894700592380119
1857,0.18698462343823052,0.2961626343793014
1248,0.7289318410192337,0.3894700592380119
1249,0.7289318410192337,0.38947006242367893
1250,0.7217733841335114,0.6265163817719862
1251,0.40594307181834416,0.4514161575539438
1647,0.3902639667089743,0.3894700688447353
1858,0.40594307002593194,0.3894700610666044
1927,0.40594307181834416,0.3894700592380119
1252,0.7234322199032994,0.4983376529366335
1253,0.7289318410192337,0.727377296857638
1254,0.529212167546385,0.6732949092220754
1648,0.40594307181834416,0.6562579053454931
1859,0.57568532176086,0.727377296857638
1255,0.7289318410192337,0.7202620461186151
1256,0.6167691306530368,0.726731315619672
1649,0.17721373464444923,0.3894700592380119
1860,0.5614078606082683,0.727377296857638
1257,0.3418732663113374,0.506629124554868
1650,0.40594307181834416,0.6242849055623164
1861,0.32247132449952953,0.6128725685981788
1928,0.40594307181834416,0.7206588662903873
1258,0.7289318410192337,0.5583812116145386
1259,0.728780160184381,0.7256563665474616
1260,0.7287013984029651,0.7223683284494098
1261,0.19265331825171286,0.3894700630667737
1651,0.17721373464444923,0.3524420553366252
1862,0.17721373464444923,0.38947005819088526
1262,0.7289318410192337,0.4259560037736216
1263,0.7289318410192337,0.38947005550913544
1264,0.7243140374306659,0.47785664930256117
1265,0.7289318410192337,0.6564089564070812
1266,0.4059430871053478,0.46646108513363943
1652,0.29009392677536905,0.3894700592380119
1267,0.4276666626126759,0.3894700592380119
1653,0.17721373464444923,0.34461404451827604
1863,0.24114681848393005,0.3894700592380119
1268,0.7283828620942485,0.5133653869644562
1269,0.7237966813480836,0.46414592371955604
1270,0.7242767774467768,0.490755868679502
1271,0.1792000102399222,0.27759268220915845
1654,0.17721373464444923,0.26418279428336194
1864,0.22445843986951242,0.3894700583227471
1272,0.7219967684941049,0.38947011184749913
1273,0.4059430923919635,0.5115017202880716
1655,0.69106458863223,0.7255497120336194
1274,0.6187303750127404,0.6190076031344965
1656,0.17721373464444923,0.38947005836599385
1865,0.3509993804924688,0.6684817687091665
1275,0.7289318410192337,0.6547576347395997
1276,0.7289318410192337,0.6635912458054252
1277,0.40594307181834416,0.4542495602476281
1657,0.7285741171878097,0.6871482680286284
1278,0.7228862407446356,0.6271336338364301
1279,0.7289318410192337,0.5673042748769137
1280,0.7289318410192337,0.5005957749213711
1281,0.18564266589376424,0.3894700592380119
1658,0.17721373464444923,0.3894700435492881
1866,0.4059429004805929,0.5969363518138493
1282,0.7211050690540054,0.3657532526785383
1283,0.7289318410192337,0.727377296857638
1284,0.7289318410192337,0.727377296857638
1285,0.7289318410192337,0.7265224307515676
1286,0.5935993501955158,0.727377296857638
1659,0.5811078049127649,0.7257130619453773
1867,0.30803947032231155,0.7262263171721206
1287,0.2531412974888659,0.6003070767619043
1660,0.31653370578907924,0.6435546167660681
1868,0.17721373464444923,0.5870342926474543
1929,0.19945542909784353,0.7216313345129214
1288,0.7289318410192337,0.6883992627458955
1289,0.7236046706610751,0.7241955880354283
1290,0.7280313565131384,0.7101834675528691
1291,0.2750790769277325,0.6104151551062594
1661,0.17721373464444923,0.486757464869933
1869,0.251442550652827,0.6851008702177571
1292,0.7236046706610751,0.6321956397132836
1293,0.7289318410192337,0.7221181558270315
1294,0.2680936692632654,0.4259560037736216
1662,0.405943063560414,0.6424367297023538
1870,0.6229379669679975,0.727377296857638
1295,0.7213094222786469,0.6162580421822547
1296,0.40594297999564644,0.5473142667285127
1663,0.40594307181834416,0.6291715129741182
1297,0.40594310568979014,0.5152369627508541
1664,0.27347167185374066,0.5609341678765308
1871,0.27528034897889464,0.5683112091215237
1298,0.7224766244918358,0.6333369402607476
1299,0.7256160340914426,0.7046106851071079
1300,0.7237755821023867,0.6460380846625666
1301,0.17721373464444923,0.4956413449580023
1665,0.17721373464444923,0.31245958598332385
1872,0.6186190087834925,0.6317762425417943
1302,0.7237755821023867,0.5857069728004854
1303,0.40594305392044355,0.6345029435051176
1666,0.40594304329079334,0.7248339591686366
1304,0.6174268129009326,0.6950007959060301
1667,0.28896393854555497,0.6613870561483262
1873,0.17721373464444923,0.6848178919509199
1305,0.7289318410192337,0.6265669002121651
1306,0.72212965633936,0.7219609021673675
1307,0.4059431219984534,0.5716494229430187
1668,0.415323790251568,0.694722014072115
1308,0.4521343501345588,0.6981276936006954
1669,0.6919851562314103,0.7246960810908184
1309,0.7287231693607319,0.727377296857638
1670,0.34831929727365557,0.63510193724595
1310,0.7220625683191577,0.6867560839390091
1311,0.40594313242956537,0.6497980315830694
1671,0.17721373464444923,0.3894700592380119
1874,0.32398972113141583,0.6623840367398434
1312,0.7289318410192337,0.727377296857638
1313,0.7289318410192337,0.721841973345485
1672,0.7289318410192337,0.727377296857638
1314,0.7289318410192337,0.6716336781244732
1315,0.33610712942042004,0.2598018924267639
1673,0.40594307181834416,0.4578998154798171
1316,0.25362230611427666,0.38947006573178816
1674,0.17721373464444923,0.30866775831360715
1875,0.17721373464444923,0.3894700583790498
1317,0.26754717189431315,0.31116575233736515
1675,0.301712293529483,0.3894700592380119
1876,0.405942995137828,0.5513282946359642
1318,0.7289318410192337,0.7233841809096405
1319,0.72879027609342,0.475878479599246
1320,0.7209903918126991,0.569467957007478
1321,0.301712293529483,0.34670139154518353
1676,0.17721373464444923,0.16250439818689905
1877,0.30430052098843596,0.3894700592380119
1322,0.722488255463497,0.45412658443164833
1323,0.7289318410192337,0.727377296857638
1324,0.7289318410192337,0.727377296857638
1325,0.7249126526275473,0.7264435240361324
1326,0.5485832889776432,0.727377296857638
1677,0.33417945432183166,0.6552508742864841
1327,0.40594295761671845,0.6854360879648553
1678,0.17721373464444923,0.6082642973685618
1878,0.40594306424649745,0.7213665579436255
1328,0.40594307181834416,0.5328381009970499
1679,0.4059430709722104,0.7216276308005446
1329,0.4059429467705711,0.6703967826395283
1680,0.40594307181834416,0.727377296857638
1330,0.725447524055248,0.6548132018231831
1331,0.6059616664759778,0.727377296857638
1681,0.40594311763853547,0.7193568231749286
1879,0.22122868373859395,0.7225069935417654
1332,0.7256834633703072,0.7252221118469045
