ID,fid
1,0.3856368142902968
301,0.5237638207692041
2,0.3242315624181212
302,0.3275733448329335
454,0.4111179052032404
3,0.4310293587581634
303,0.5854475545092808
4,0.3562569772267388
304,0.43130784062606464
455,0.3828519956112864
5,0.4035988947699127
305,0.18429442379785715
456,0.3806241406680782
566,0.8164482639331794
6,0.5371309504284533
306,0.4968903205167554
7,0.7189796101678214
8,0.7330429444968231
9,0.3705987934236414
307,0.27396558526198656
457,0.33105436818169626
567,0.44035850133284776
10,0.5904602281314992
11,0.3767446560967259
308,0.5214308648664953
12,0.32108704359523355
309,0.46860330045829907
458,0.46718827641165095
13,0.656329823980282
14,0.38464520702384447
310,0.40080006488974373
459,0.44619875305303736
15,0.3898336285282209
311,0.327926326487366
460,0.314719435385317
568,0.6369911620094244
16,0.6980730333564013
17,0.7230717915138511
18,0.6050352022892879
19,0.29880041486052566
312,0.21071516795668083
461,0.22026658027155557
569,0.43110516322212417
20,0.629562285764522
21,0.36105514070334244
313,0.681200281553778
22,0.3428547347425444
314,0.3428547347425444
23,0.6245970190156964
24,0.3645132178358941
315,0.42967067117555047
462,0.7538199013373617
25,0.12972798094160073
316,0.4882759783693199
463,0.2875255006217188
570,0.6457094899302221
26,0.4404089106924214
27,0.5173966279065967
28,0.6602698146988604
29,0.4462330405998767
317,0.4156563585857362
464,0.4156563585857362
571,0.33047845868920184
30,0.3974559526249382
31,0.4035909425699425
318,0.7732560819848345
32,0.3864813856054793
319,0.3833556011600485
465,0.53832870366509
33,0.7403530878224054
34,0.4682453260991158
320,0.3300527506169132
466,0.3463397327273156
35,0.4475164397767854
321,0.37101697834913755
467,0.4557421883173927
36,0.4615002122958179
37,0.6348989915318198
38,0.6404925005394327
39,0.24220175620322726
322,0.283495013877076
468,0.27016930124129207
572,0.30948837926539496
40,0.5888347997044188
41,0.6064299018499222
323,0.40289113279219607
42,0.3419936462434733
324,0.5947756658796816
469,0.5348630443425282
43,0.6006848559490993
44,0.555052777079706
325,0.41060590871615843
470,0.45213438337067835
45,0.13812658884855739
326,0.249088046818737
471,0.07197648890479644
573,0.5402798019061613
46,0.5678560222301113
47,0.6282610762730493
48,0.5566942187656553
49,0.44638933746985543
327,0.5895230524846433
472,0.41946969382028515
574,0.3695698665674233
50,0.4524626717078682
51,0.6680013134683023
328,0.6122992822489195
52,0.4435125238557039
329,0.40749827953282725
473,0.36764251581551033
53,0.6199823210377999
54,0.33931131028151396
330,0.3873303027120163
474,0.29873526167773956
55,0.28264889921352127
331,0.25911959292257525
475,0.25263702894445733
575,0.23150867227503635
56,0.6360686835020181
57,0.5133801578420848
58,0.7647595832157642
59,0.4603191712063798
332,0.4583984115091597
476,0.5335481346628957
576,0.3873303027120163
60,0.6050964333843443
61,0.3108340879787578
333,0.3963408702365507
62,0.34923533749573066
334,0.3354108876696205
477,0.4308166586917884
63,0.6050729953888073
64,0.3091273657780034
335,0.2231085668599843
478,0.42347775322854475
65,0.255536288674317
336,0.4391795974754848
479,0.5065951244052815
577,0.532707974076823
66,0.6863129721447144
67,0.5560900682271576
68,0.6316978617205753
69,0.4217710310277905
337,0.35043004303625863
480,0.45812421390385805
578,0.44071564745616365
70,0.8665428365443736
71,0.3301146613377845
338,0.5624862719026765
72,0.19964903641168585
339,0.40073486030275735
481,0.6359624347963797
73,0.7289110790223365
74,0.3830798105615141
340,0.5509325996455395
482,0.6227211474904474
75,0.5302917694333508
341,0.5228922265270943
483,0.36438622848255076
579,0.30376190326813474
76,0.3430963155592868
77,0.47680735404076097
78,0.7686349409401337
79,0.21613573727299393
342,0.39697018057852157
484,0.36931925708672164
580,0.4572050561662924
80,0.36503531119362587
81,0.09864874237686296
343,0.5538042623877634
82,0.3482597938826767
344,0.6039953535343544
485,0.7790666595575821
83,0.36573704883550756
345,0.4683599048405907
84,0.5490241584690404
346,0.5436465415604772
85,0.3984508850292676
347,0.32316424830938123
486,0.5036131712411726
86,0.31868290088557844
87,0.238317403752049
88,0.5346838467128716
89,0.4635798009218678
348,0.4432643592672954
487,0.44864197617585866
90,0.6386511069450957
91,0.41496284633443153
349,0.48289198255304
92,0.3002144964373727
350,0.24372481545002309
488,0.42286432572097116
93,0.3361839175253512
351,0.42310019077728567
94,0.2545746080404952
352,0.40753309706052127
489,0.37946515535908243
95,0.423218123305443
353,0.4124862632431282
490,0.47428290799755657
581,0.415080778862589
96,0.834566781518127
97,0.6658053337250218
98,0.5872622699722558
99,0.23888958179557357
354,0.47440084052571385
491,0.42817128948804983
582,0.6719378251892016
100,0.6912787598069999
101,0.3042524737215797
355,0.2751711509778197
102,0.48945458172131495
356,0.43205723420073594
492,0.3999147195892117
103,0.5854994765724174
357,0.2464724772175301
104,0.4963422634237845
358,0.3233849228951062
493,0.4902198796882561
105,0.5275281555766326
359,0.6210858320351764
494,0.4997861042750193
106,0.6758046366714618
107,0.6953197348284588
108,0.6249123218698818
109,0.3296986311223699
360,0.24666380170926533
495,0.20189387064321368
583,0.41273346053547433
110,0.6509324527458777
111,0.3339388085530339
361,0.43690247404626087
112,0.23609407529313486
362,0.41759678676628087
496,0.35368326145301343
113,0.7118622625793102
114,0.3977060786596347
363,0.21576460156648916
497,0.3927334016329731
115,0.4269571199929378
364,0.33935025119969486
498,0.4417288958662559
116,0.7904013085592293
117,0.48604422348621007
118,0.5692634360794576
119,0.4763913798462201
365,0.3339388085530339
499,0.6872913878593356
120,0.573943602692786
121,0.24140303222825943
366,0.518035028371902
122,0.5173619578216743
367,0.501208264616206
123,0.4392857739952447
124,0.5459674562063573
125,0.43861270344501685
368,0.45543946720071277
126,0.8283205520269367
127,0.5631307552371675
128,0.2910419853075627
129,0.2412347645907025
369,0.3652480134701822
500,0.28633049145596784
130,0.5738998840408128
131,0.3848187788100714
370,0.4839798664853608
132,0.3848187788100714
371,0.36589629602432805
501,0.3906410812056847
133,0.798930036698069
134,0.2627323754520546
372,0.36662408382377976
502,0.5980606040494093
135,0.46414764895030297
373,0.2865674258840966
503,0.36007399362871473
584,0.3360569962468098
136,0.5492988214861478
137,0.7443459517391942
138,0.5311041264998562
139,0.3724463862193931
374,0.36007399362871473
504,0.37826868861500634
585,0.36007399362871473
140,0.7501682541348074
141,0.37527781961787093
375,0.8013329426536274
142,0.37837479351325026
376,0.3973990617277233
505,0.43810214720985163
143,0.5898538680834389
377,0.30448984486634334
144,0.3155504659212695
378,0.3637747737207477
506,0.38987783941037346
145,0.40492028404507313
379,0.2859080014940673
507,0.30847166844611684
586,0.46619612468936417
146,0.7455874125367996
147,0.6270175548279909
148,0.7013449283170948
149,0.26024736064663867
380,0.4119990815202258
508,0.3987263362543144
587,0.43212941184019144
150,0.5863144693458625
151,0.2692355444313561
381,0.28813869161020944
152,0.19028710621379205
382,0.2875827166931843
509,0.44158776870913663
153,0.49774123532867154
154,0.3854343020896016
383,0.41879279711110756
510,0.43213619511970996
155,0.3730638601857932
384,0.46452173403642194
511,0.4450626119405434
156,0.6422947137551972
157,0.6094921936507163
158,0.669537484689427
159,0.41323304794085663
385,0.39766575026415385
512,0.5861412471356623
160,0.8096431637797519
161,0.2690889703095099
386,0.19900274303634805
162,0.30960393225479294
387,0.5261494185140638
513,0.5380244935669917
163,0.5270807969495876
164,0.39482505910521565
388,0.3242731426142919
514,0.6823881510731723
165,0.28538809293117556
389,0.26140509821643904
515,0.49611246396842296
588,0.5354632028693014
166,0.6518855073097695
167,0.3324227039251247
168,0.676101346633387
169,0.43394295339721295
390,0.43394295339721295
516,0.43394295339721295
589,0.47212946925368654
170,0.7459547292976679
171,0.692833182893289
172,0.6315563780370448
173,0.6482076837045027
174,0.36913180071791235
175,0.15732719262785097
391,0.2512405565923121
176,0.574941938767689
177,0.4750341047629429
178,0.3804546885717835
179,0.3804546885717835
392,0.3744602185314988
517,0.4410654412013293
590,0.5849327221681634
180,0.3911115241989564
181,0.5404712500436063
393,0.4802706854709839
182,0.48764625132921907
394,0.3592715374723687
518,0.3666471033306038
183,0.6676499261937158
184,0.3205996516210812
395,0.43382455452588115
519,0.19940116400467592
185,0.2926921051304617
396,0.5606045514404104
520,0.5334943634209514
591,0.38678040472740793
186,0.4872475720936386
187,0.6339615307871822
188,0.6140275690081681
189,0.44817700700677116
397,0.30843993493588273
521,0.34033427378230524
592,0.24624597418535898
190,0.821340771509914
191,0.23536119613557543
398,0.598366438265534
192,0.5098285743313978
399,0.2504126330043786
522,0.5169116034461289
193,0.22030975926677226
400,0.31770140959432225
194,0.43213659872919324
401,0.5076151277330445
523,0.5153621908272814
195,0.36905337067612115
402,0.5107139529707393
524,0.5930541664294859
593,0.8143988262648266
196,0.5470144771837352
197,0.40623927352845846
198,0.4283737395119926
199,0.2052583223979691
403,0.5771173509213414
525,0.4505082054955266
594,0.33275284646312536
200,0.644406127511285
201,0.2385005415420408
404,0.6970282699319147
202,0.32029820163169176
405,0.5184559133981698
526,0.6054379322258971
203,0.25750985691498784
204,0.455667568681466
406,0.44126657218680915
527,0.47525292391419927
205,0.3058972051370349
407,0.33009087924805836
528,0.4216812169540758
595,0.4072802204594189
206,0.5086632357818032
207,0.6584335993262342
208,0.7061008977235483
209,0.32029820163169176
408,0.38769486522668567
529,0.37847822747010523
596,0.33527523798613473
210,0.7598166146486185
211,0.45617766602532156
409,0.5747880613126314
212,0.45102069231717756
410,0.3154889770500205
530,0.4286200877724275
213,0.7256295422758409
214,0.5148382419554585
411,0.1997793794735415
531,0.26246884111316593
215,0.37495533012205495
412,0.32451368103927225
532,0.2819686479470851
597,0.2785843839511157
216,0.7533482759571145
217,0.48840875170122106
218,0.6611673709240421
219,0.4560165105969421
413,0.40783103751147237
533,0.3910708729600047
598,0.5857466304424374
220,0.5967051995722431
221,0.10419230609974778
414,0.34602249249155886
222,0.2351407793693561
415,0.3429352986227272
534,0.45947686717112124
223,0.46642305337599244
224,0.5528644817032782
416,0.38924320665520173
535,0.604317712850472
225,0.6393059100305639
417,0.4409537039581315
536,0.3192668122950181
599,0.5353703831132322
226,0.5446319647197271
227,0.6557709439976657
228,0.604317712850472
229,0.4406964378023954
418,0.6732650425877117
537,0.5096437675396354
600,0.4581905363924414
230,0.20709876839413546
231,0.3878968484944192
419,0.5118727449162667
232,0.4913808612101762
420,0.47724146145297364
538,0.6151518387949627
233,0.5460941907054377
234,0.2780603518297742
421,0.3749869617595822
539,0.5329793851335398
235,0.26412587090963263
422,0.27888002717801774
540,0.3878968484944192
236,0.7723245868206767
237,0.5663811555744673
238,0.6967095359452028
239,0.24834712045594298
423,0.3661754517659632
541,0.25592911742719643
601,0.40142149174043895
240,0.6215043227438508
241,0.30385534793957325
424,0.5692942643192613
242,0.35892808498902473
425,0.3024931247616716
542,0.2777785042483136
243,0.18475812152874552
244,0.44533195513021356
426,0.32915377838631776
543,0.38305889556899636
245,0.5642345782299124
427,0.4011570035039751
544,0.33032139825309054
246,0.5443850404947745
247,0.6228101748796824
248,0.8466039826778065
249,0.4990424690017632
428,0.4860040471561334
545,0.4538945008198809
602,0.570656487497163
250,0.6015984139666428
251,0.2694612204034372
429,0.40484105278492083
252,0.3303264331099273
430,0.3666784251382886
546,0.3675141031159521
253,0.789810041161897
254,0.36250003524997126
431,0.3613857979464199
547,0.4251758835747322
255,0.4377110532396844
432,0.35344685715861685
548,0.33979745019011337
603,0.3719710523301573
256,0.6552658867580768
257,0.7338196166584439
258,0.6194710133814911
259,0.35247189951800945
433,0.41876901907931224
549,0.31124511928661125
604,0.5679375380922432
260,0.6895286838422795
261,0.5073386480342755
434,0.6108129089057447
262,0.5163486517019953
435,0.5164894330093033
550,0.5399999113297596
263,0.9900777507938239
264,0.4138598599816828
436,0.3923203199635403
551,0.3840142228323612
265,0.35501327352688816
437,0.3427652997910816
552,0.3182693523194684
605,0.31615763270984665
266,0.39316500780738906
267,0.5535149168313394
268,0.47355113428032636
269,0.3063029411982781
438,0.3348815465818268
553,0.3367117035768323
606,0.392038757348924
270,0.5354949094958997
271,0.42161427774771715
439,0.7208725786672887
272,0.4226041067474512
440,0.3270856082731227
554,0.4087465007511756
273,0.8667073846280942
274,0.3488618462672701
441,0.31322800227684705
555,0.40330244125263864
275,0.5210920922209816
442,0.43415211174434754
556,0.40544707075206227
607,0.28468793278451743
276,0.5984637257001874
277,0.37773185875951104
278,0.5664592547087888
279,0.39059963575605267
443,0.37740191575959975
557,0.34094321426939833
608,0.303494683779463
280,0.6956319391740723
281,0.5230697933552837
444,0.32346723479549117
282,0.6876440597756617
445,0.6281546697735275
558,0.5232654821381856
283,0.520525839177561
284,0.3310990973286598
446,0.31583537226232267
559,0.45399165299096333
285,0.3680842772970918
447,0.300963024761789
560,0.21720822567983689
609,0.4076134114432469
286,0.5017397160189921
287,0.4342270859178859
288,0.5357895642438981
289,0.3714109866064218
448,0.47512604154435323
561,0.32620687775611584
610,0.3855005789753483
290,0.8982051901779529
291,0.5571718197989342
449,0.5131090846773868
292,0.42391413057211874
450,0.3047736283259933
562,0.4292615498829861
293,0.663264618926543
294,0.32659109911433226
451,0.4044495242805614
563,0.4281920660208127
295,0.44551770458802303
452,0.4194222983509902
564,0.34434453122641195
611,0.3261633055694628
296,0.5706473164623199
297,0.32509382170728934
298,0.9918100613862357
299,0.4145026725849922
453,0.4018827630113451
565,0.34028049255015286
612,0.39140182116204497
300,0.50733387182165
613,0.34789060614445205
1333,0.6295673374236458
614,0.23818815295206647
1334,0.5339410706938815
1682,0.29112685421366397
615,0.5653064861812441
616,0.27827468396518373
1335,0.3665568534101021
1683,0.34498356763586724
617,0.6958172150140265
1336,0.36992289799898975
1684,0.5556673584948839
618,0.4744232822812761
619,0.5717325713054843
620,0.5396021456842836
621,0.2678705461449853
1337,0.3056620467565882
1685,0.7522749628912793
622,0.4927835254933909
623,0.48923061097447507
1338,0.5192708857004554
624,0.42082809352410105
1339,0.3891640201642841
1686,0.6469420532858715
625,0.5206917095050625
626,0.5767127623724312
1340,0.28706768106179703
1687,0.4510713430793109
627,0.34511848222146163
1341,0.20770452283302487
1688,0.23206150234057643
1880,0.3595296950967629
628,0.6808388497672141
629,0.6881459436194796
630,0.7313795822453837
631,0.47197775048995944
1342,0.28118141101413874
1689,0.2899093286710113
1881,0.4102734024041621
632,0.530028551649624
633,0.3479115426777209
1343,0.4129496750259379
634,0.31275579546246857
1344,0.2610266245600258
1690,0.4149585748668094
635,0.7210646881196143
636,0.5395103650008466
1345,0.34238706811532416
1691,0.2996979464968034
637,0.47597890753328326
1346,0.24093762615131006
1692,0.37101389084774394
1882,0.37151611580796184
638,0.5683883002133753
639,0.7662649345392243
640,0.6836489285833813
641,0.4292719862330193
1347,0.37603614044992284
1693,0.504856842745812
642,0.6351842199223547
643,0.5294702306418709
1348,0.25587788930765304
644,0.5146681201999835
1349,0.29386997277516397
1694,0.2773409494483897
645,0.876086316822733
646,0.5714095435605517
1350,0.3599860660822607
1695,0.34419714827758097
647,0.39674464034628093
1351,0.34321034091478847
1696,0.40143197531954533
1883,0.40636601213350776
648,0.696734078635198
649,0.5950929202675715
650,0.6079214159838738
651,0.5220691754209271
1352,0.38169582806369545
1697,0.3094121887391458
1884,0.4219082280974895
652,0.42363514098237626
653,0.34915523257239145
1353,0.4200319594379322
654,0.2602530665287008
1354,0.3110043030497053
1698,0.41005671639759694
655,0.6818383381807694
656,0.33988000658751816
1355,0.3330548402967624
1699,0.6499875621572424
657,0.2985790003152525
1356,0.3295547550194518
1700,0.4301822067421332
1885,0.47848338356902026
658,0.7661903933639563
659,0.38958121752532965
1357,0.5726356775286768
660,0.7107140417185824
661,0.40165651173205136
1358,0.4308822237975953
1701,0.2798535440816404
1886,0.46028294012700477
662,0.679038269958921
663,0.3766433065257639
1359,0.623122608367336
664,0.41483354055634963
1360,0.6144536595383074
665,0.6990344845999115
666,0.2527007678620836
1361,0.5439305893345876
667,0.45489814190132
1362,0.3300184195804475
1702,0.5033973961610211
668,0.6423348733397779
669,0.5115977531614536
670,0.500351549275146
671,0.15968528988574884
1363,0.2363000538612185
1703,0.3281440522660629
672,0.522609661133463
673,0.3695185643293216
1364,0.4034914769610694
674,0.20018900766872033
1365,0.22613682282840167
1704,0.498722633629591
675,0.4505720487971924
676,0.35213085313984444
1366,0.44789701630650364
1705,0.5257404617855479
677,0.6380918263944777
1367,0.496315104387971
1706,0.6942675086989426
678,0.5468732184619896
679,0.4369293830946796
680,0.4856149744252158
681,0.2785674596459023
1368,0.24084950152719004
1707,0.7568632689810607
682,0.5728210336216709
683,0.3598012084303718
1369,0.6239138412597302
684,0.3505772515213138
1370,0.2584914150458855
1708,0.3971582339120563
685,0.31552621526689373
686,0.3339741290850095
1371,0.29016033376698447
1709,0.39946422313932073
687,0.2916976599184941
1372,0.4798663808632756
688,0.6176108040385405
689,0.5370549136994347
690,0.8317603369438351
691,0.496162038069278
1373,0.548892325066059
692,0.5819448373235165
693,0.3391775647221524
1374,0.4343543073637987
694,0.3825620163149877
1375,0.3158037710345396
1710,0.4837924033649366
695,0.4632772750923556
696,0.5604718992034362
1376,0.5019533365898445
697,0.5861998879387222
1377,0.3573384979470602
1711,0.2655248910878041
1887,0.4368766592005915
698,0.4848013440996538
699,0.37835809658699976
700,0.6443821369740751
701,0.39382852118599526
1378,0.3272384326946666
1712,0.36776421887247013
1888,0.3859251520973781
702,0.965729760981471
703,0.4206884568153638
1379,0.5151101672461746
704,0.4414580377899923
1380,0.3481546894116614
1713,0.4272388631227467
705,0.514311337208689
706,0.42132752084535235
1381,0.30997061361984446
1714,0.452322126299798
707,0.3785102308361184
1382,0.2826506263378333
1715,0.32546791634706723
1889,0.49050620209161483
708,0.5558504991579459
709,0.5520161149780145
710,0.5325246620633631
711,0.3363320048568729
1383,0.3192370420546788
1716,0.4516830622698095
712,1.0
713,0.5278326537017015
1384,0.5098625662221985
714,0.3013475856410702
1385,0.47671085311346045
1717,0.4702044421295027
715,0.6836766882222179
716,0.3155997239868829
1386,0.21397578099934933
1718,0.5516894939762139
717,0.48011897315267665
1387,0.48042880224715073
1719,0.1774159478513952
1890,0.5179181226785274
718,0.6787194227106309
719,0.6582707024753346
720,0.5058347879940343
721,0.28306766906709324
1388,0.21273646462145254
1720,0.45130486736657716
722,0.5786446251954682
723,0.37513203950449514
1389,0.35356236987308565
724,0.5105802875124859
1390,0.326658265816704
1721,0.40157227969783577
725,0.7353223291558816
726,0.5126676748961706
1391,0.37513203950449514
1722,0.3473002077220313
727,0.5785363434480018
1392,0.2932600676777473
1723,0.15178158945022274
1891,0.36446317065455064
728,0.6478839909726409
729,0.5699548619817423
730,0.6826737807007208
731,0.6107748819293557
1393,0.4558443516736403
1724,0.2777206282658716
1892,0.34776407158507233
732,0.6105429499978353
733,0.43420361123733797
1394,0.42791598284672083
734,0.4299165918800991
1395,0.3215979027871938
1725,0.28758754921976437
735,0.5479525248494127
736,0.23357110531855296
1396,0.13925667945929515
1726,0.4507800860853289
737,0.5282322358061133
1397,0.35932367313089697
1727,0.2309988937042096
1893,0.36161008345475787
738,0.542808101620726
1398,0.6379799313514316
739,0.4496368809233984
740,0.712002465586425
741,0.6374083287704665
1399,0.544237108073139
1728,0.42477216865141226
1894,0.6456965661944619
742,0.6354077197370883
743,0.6310648877894431
1400,0.43700039684372527
744,0.5406297354932091
745,0.7352439842036458
746,0.5499756174934279
747,0.19208331266152312
1401,0.4424979744909127
748,0.5114925739631155
749,0.5161655149632248
750,0.3248498128411006
751,0.27894503948708527
1402,0.20555237789713246
1729,0.5101181795513187
752,0.4771327136681937
753,0.4882831567326646
1403,0.5763381162182182
754,0.4616150832884684
1404,0.2789639387555775
1730,0.3977123412618097
755,0.6296742631066106
756,0.4291605410780787
1405,0.17027896019055155
1731,0.5567144395328663
757,0.5904269097359067
1406,0.2087715567656648
1732,0.20952631356125534
1895,0.5099195182062578
758,0.660116120528759
759,0.6623803909155304
760,0.6284163351139598
761,0.4809871743752901
1407,0.3992218548529906
1733,0.2694036860114318
1896,0.4070210084074253
762,0.5141964733812704
763,0.4494612014105285
1408,0.47702771772407143
764,0.7279139897911485
1409,0.2896373540196496
1734,0.5721167121988773
765,0.6854801388365935
766,0.5848158938714084
1410,0.2707434495800303
1735,0.28344263125256136
767,0.6034000621726733
1411,0.314416245088003
1736,0.19299967885307187
1897,0.4798153429692612
768,0.5021163449307792
769,0.5625148919098903
770,0.552603335482549
771,0.4392399088448326
1412,0.40950523956280876
1737,0.1979554570667425
1898,0.3627350826712919
772,0.5711875037838141
773,0.5697768818564314
774,0.605140495544769
775,0.6714747274322095
776,0.4006465555209041
777,0.3696759373218011
1413,0.5410027614019457
778,0.4452354597366341
779,0.2875269216731164
780,0.6282037218632499
781,0.5210146319259287
1414,0.11466254917173976
1738,0.39801075822736337
782,0.3466127110033201
783,0.45943176411584336
1415,0.477539685619846
784,0.539287697948495
1416,0.38935410789535313
785,0.4266564261935985
1417,0.450015644933762
786,0.3232601944057435
1418,0.4085485046895959
787,0.48315314128608683
1419,0.17115365377212124
1739,0.41307548506559666
788,0.5496092132057765
789,0.6825213570451558
790,0.7214533882787615
791,0.47428025974912547
1420,0.14018910800027679
1740,0.3728758993267107
792,0.6854186244857964
793,0.5216851090444096
1421,0.5070827318813018
794,0.35993570046844586
1422,0.36836014883177726
1741,0.5410613402800719
795,0.6991601545652588
796,0.44530344388353776
1423,0.3366280599965621
1742,0.5629649060247337
797,0.4950076892271933
1424,0.22570615654603138
1743,0.06816897215173316
1899,0.43547492079298444
798,0.6803455532204852
799,0.6474902046034926
800,0.5666155003155107
801,0.4144137998846559
1425,0.3846474156675513
1744,0.28608136981657345
1900,0.4037428319577693
802,0.5792521728605078
803,0.3636401371756932
1426,0.5288944400940729
804,0.33040717818659754
1427,0.22979780919221207
1745,0.47608590252235916
805,0.3807118626837902
1428,0.4458120426213337
806,0.8609964069782546
1429,0.29375987409588256
1746,0.5468766576292686
807,0.41144096859836504
1430,0.32198512693593634
1747,0.6019614252687283
808,0.4881499218814146
809,0.5821582236793358
810,0.5908078979367716
811,0.4883775448881892
1431,0.2716804424387436
1748,0.23685412240222556
1901,0.4517302407974741
812,0.6269999560139375
813,0.4123627261577836
1432,0.5696254969507888
814,0.38289105482637553
1433,0.29447604083215134
1749,0.1939824730135797
815,0.37177878530797565
1434,0.5817040507751363
816,0.41163801292832264
1435,0.49667103185172956
817,0.4836261937214341
1436,0.29809960697945564
1750,0.5285584139480072
818,0.5672097861859192
1437,0.231909132022031
819,0.6169734279422312
820,0.6744673441461256
821,0.4217839981407746
1438,0.2502685338350394
1751,0.5230022791888072
822,0.7643317845992715
823,0.4261054094677619
1439,0.4197597685390891
824,0.36745630391487727
1440,0.15728098467126117
1752,0.426682285915823
825,0.620320480315019
826,0.36764859606423095
1441,0.27784816231604376
1753,0.6187821431201893
827,0.41822143134425926
1442,0.42052893713650397
1754,0.3314976719857316
1902,0.5732089037233576
828,0.7593477042977586
829,0.4307204210522511
1443,0.2809248367057033
830,0.7576170749535751
831,0.38687781099960294
1444,0.43648918553286264
1755,0.4261054094677619
832,0.6257046604969231
833,0.35558479484511174
1445,0.5402164311011945
834,0.5073717704200605
1446,0.20188453806543669
1756,0.5628569253571215
835,0.850167986266846
836,0.4145776319908376
1447,0.2835178694670899
1757,0.3641945602663799
837,0.42733284002234595
1448,0.4094755487782342
1758,0.28893883288048094
1903,0.5354332280893788
838,0.6451280171603502
839,0.6291840071209647
840,0.40150354375854164
841,0.43881252725070347
1449,0.2659794584237659
1759,0.38332737231364233
842,0.5698722897744513
843,0.26545173266669536
1450,0.42130483789898465
844,0.4257503123770868
1451,0.3253348888717192
1760,0.33684082281504263
845,0.6516850152641639
846,0.3894020210561334
1452,0.4485006817650216
1761,0.509952828962317
847,0.24976182274398162
1453,0.3255963873704311
1762,0.27852665760229
1904,0.4233968258886797
848,0.7534079312630911
849,0.7382410183378011
850,0.6425325678092476
851,0.5575455557278818
1454,0.37894208110765765
1763,0.3065069969644627
1905,0.4890329490653653
852,0.6114142464625321
853,0.46787836021318674
1455,0.4923475015838254
854,0.34526668443205216
1456,0.4960710665750094
855,0.45856944773522645
856,0.5577758578574894
1457,0.24739011894949786
1764,0.46122913701464374
857,0.4755914591234968
1458,0.41415263676895864
1765,0.375321173289467
858,0.4173442639042593
859,0.6176188666443772
860,0.5960753834810976
861,0.7351771327946192
1459,0.1162674374742279
1766,0.2617524410583508
1906,0.37292745293799134
862,0.7128357428475144
863,0.3698944906959606
1460,0.50793029399165
864,0.24089090212516687
1461,0.16706236437384506
1767,0.47337225504422287
865,0.6086591234236397
866,0.2809468109051394
1462,0.5151953362703706
867,0.4890804545657807
1463,0.3926713800022194
1768,0.44549020089345764
868,0.6051247785312892
869,0.677775201318494
870,0.5770463718865044
871,0.6866110635493704
1464,0.2291097524839985
1769,0.33710362419470863
1907,0.4199643766709261
872,0.5976633837585492
873,0.9180334046717479
1465,0.5332584527086051
874,0.5084425149822587
1466,0.42491258026419604
875,0.5153500440401078
876,0.5173967193165074
1467,0.33025384873071023
1770,0.28714575072154164
877,0.4622644040584906
1468,0.3193808863248368
1771,0.2665510807527696
878,0.3839790747362022
1469,0.37847863493087797
879,0.6056595906112442
880,0.53261886668473
881,0.39229369304657596
1470,0.27320277540106863
1772,0.3838511575314272
882,0.5885186851713968
883,0.3382377026471937
1471,0.6745622896207779
884,0.5374821262097436
1472,0.23463060239466782
1773,0.37171076580570206
885,0.639495271073769
886,0.5257267052195531
1473,0.2669081990118009
1774,0.4866747982012934
887,0.29898655120537143
1474,0.22028500389816416
1775,0.36314325559251237
888,0.41275511705958723
889,0.6647993128662129
890,0.7044489531551602
891,0.48787026474266865
1475,0.3776880985125786
1776,0.4059808066584607
892,0.6102063408100742
893,0.39385342181413957
1476,0.3686886598618798
894,0.5056968082686275
1477,0.22305925041593208
1777,0.4262414024749185
895,0.5933074609913098
1478,0.5986666232589206
896,0.4823961027572759
1479,0.25987436512386775
1778,0.2498550617539865
897,0.5411138806458821
1480,0.5154831045833953
1779,0.1992925307943534
1908,0.405736781624929
898,0.671131817399224
899,0.6655396480764997
900,0.6280255122032238
901,0.5490361205197415
1481,0.2503210758642136
1780,0.2957574516113493
1909,0.5637155649918931
902,0.5961035456526719
903,0.41236179367211667
1482,0.5461390957647523
904,0.5511872958437196
1483,0.18771689015806794
1781,0.4201865037945161
905,0.46864922455260294
1484,0.5678463561043121
906,0.4169051737431872
1485,0.07009382831812784
1782,0.5191312253422768
907,0.47193055460393163
1486,0.3295713123770515
1783,0.2412278109951223
1910,0.427001573901122
908,0.5261987054528312
1487,0.48455105480135024
909,0.6448314073085646
910,0.6842073679245102
911,0.4572907743749263
1488,0.2997869319111439
1784,0.4429034041498693
1911,0.5448770457450104
912,0.7220688685167657
913,0.3797048921250238
1489,0.3633319114474109
914,0.3930079389255844
1490,0.2437506775698449
1785,0.2602698455749365
915,0.4177135972694824
916,0.6826050346608634
1491,0.5108349248734061
917,0.38175151470972535
1492,0.3911075036683614
1786,0.5810048420631758
918,0.6916686489645418
919,0.6130198667810083
920,0.4565994263788131
921,0.4250229636434167
1493,0.3232765837182506
1787,0.2655325893641692
1912,0.45206761922697375
922,0.7893217837203047
923,0.3665075953908938
1494,0.5283283376530434
924,0.5371913111691681
925,0.3499252578445956
1495,0.360503645589648
926,0.451420599722799
1496,0.30275136654909257
927,0.43712548114840427
1497,0.31132843769372953
1788,0.4674311325261213
928,0.6223902178725614
1498,0.21555114324528404
929,0.7030146866321483
930,0.8765574261253019
931,0.3727974475636273
1499,0.4628566945823149
1789,0.3447790151578135
1913,0.48029673924307664
932,0.43083562897567046
933,0.44872200020318065
1500,0.3441915939299975
934,0.6797147423229395
1501,0.29537536358922145
935,0.5865040416360229
936,0.6528304415555555
1502,0.2612393764306354
937,0.5564360736725016
1503,0.3894704162750649
1790,0.32632768355167
938,0.5431707936885952
939,0.5325585697014699
940,0.5824360224409584
941,0.3977833250649798
1504,0.22639590767290757
1791,0.23966118765681418
942,0.6512386079574868
943,0.7258369033510872
944,0.39674817377662824
1505,0.35599146682010757
945,0.6102150396446457
946,0.4025292669619503
1506,0.37275663705754153
1792,0.30612953809670457
947,0.5094794908904087
1507,0.36914345381671526
1793,0.279102927455324
1914,0.24195940373962962
948,0.683201341109337
949,0.6009652905481305
950,0.7229463567584262
951,0.45398099631131683
1508,0.479851388315633
1794,0.3357576406714803
1915,0.2632049211956882
952,0.5117919281645374
953,0.4266588956262212
1509,0.2477342612890632
954,0.471485429815168
1510,0.3316647933875168
955,0.6162655976850006
956,0.5390113579125603
1511,0.31468793575851134
957,0.5825026336363045
1512,0.27310417212791394
1795,0.22560712100856178
958,0.6277106702438805
959,0.48655477535102676
960,0.5796413654965844
961,0.4972368430726482
1513,0.5401558651684483
1796,0.23876895445127386
962,0.715265475319313
963,0.5070239016477767
1514,0.27795476962118343
964,0.434300706066791
1515,0.6630124759529372
965,0.3597906997835701
1516,0.3174432861405883
966,0.4008873459349868
1517,0.7191183320031325
967,0.6724825726747854
1518,0.34031446312920294
1797,0.2540115062112274
1916,0.31958745898327084
968,0.4035675619883402
1519,0.49344414031078665
969,0.4807577843249145
970,0.5906466425123987
971,0.5693835951557962
1520,0.25687040333480426
1798,0.31637119971924693
972,0.6983913278572003
973,0.3124297170978107
1521,0.36705718982885693
974,0.4137238750764844
1522,0.3372728642443418
975,0.3739199376593904
1523,0.4160572093388658
976,0.3743317025292223
1524,0.48317488312148293
977,0.3688415042647956
1525,0.3799591557502598
1799,0.4208611328202391
978,0.2652140120237405
1526,0.32121403432089346
979,0.7181553688389483
980,0.8488220875323051
981,0.6883710432544332
1527,0.598469046674445
1800,0.44680231961965555
1917,0.58103766718489
982,0.3596454221718807
983,0.9389219961062202
984,0.5096004775894156
1528,0.5664471426954625
985,0.3484918608002325
1529,0.40934363185693273
986,0.447327539905064
1530,0.2897072412019339
1801,0.2884152715404328
987,0.49771435670360575
1531,0.4751048876273371
1802,0.546421612942196
988,0.4695494180828825
1532,0.22226642487157816
989,0.5709690365107163
990,0.523424552967477
991,0.3236860432994119
1533,0.49112531142995025
1803,0.34241960339117755
1918,0.32187728577331054
992,0.4925464780576015
993,0.5934022232508968
994,0.5416875029330926
995,0.5228997580985346
996,0.5436243838438719
997,0.6435674388400775
1534,0.2676188540578388
998,0.6133520966319221
999,0.3572964402269147
1000,0.585461011516702
1001,0.302676398542942
1535,0.3909981680744725
1804,0.13591095212485477
1002,0.4004888845372905
1003,0.7429191304239957
1536,0.6113364427107442
1004,0.720753789650488
1537,0.6743731343903154
1805,0.41466708960476434
1005,0.6241487784179741
1538,0.44298235151774246
1006,0.47027262657414226
1539,0.31537148787373215
1806,0.3126808973752139
1007,0.42132950417252396
1540,0.4160764465325596
1807,0.26053469104678795
1919,0.3632896234187722
1008,0.5261344102576649
1009,0.5089658804099768
1010,0.5080690169104707
1011,0.4401636376621519
1541,0.16623590024157553
1808,0.31383400758886454
1920,0.26271278811701704
1012,0.46604455579075654
1013,0.5169340171830555
1542,0.32306231328423174
1014,0.5739179995654646
1543,0.4424973759897977
1015,0.6519292817199805
1544,0.524714118098735
1016,0.5692919936156012
1545,0.30960484143008343
1809,0.1899595057267963
1017,0.6214396970504259
1546,0.4292501771333706
1810,0.3264266812477688
1018,0.5995713052874349
1019,0.6327944389273633
1020,0.6605504746265444
1021,0.3924524025321838
1547,0.21098680549890295
1811,0.31275893639589947
1921,0.2574571379952588
1022,0.5297606700440406
1023,0.7187414269036543
1548,0.43312346393758455
1024,0.6573387832209363
1025,0.5508843414820602
1026,0.5435786444999805
1549,0.0
1812,0.4395594350884642
1027,0.44390806424446394
1550,0.42546987662302466
1813,0.3971168145259057
1922,0.3847667077228661
1028,0.5999368783617386
1029,0.49922262710878207
1030,0.5728014324282995
1031,0.4232085894619048
1551,0.2965765084391893
1814,0.3261471866999883
1923,0.4051182921729455
1032,0.5040930917635019
1033,0.535140523895747
1034,0.35694538417156574
1552,0.580103930403193
1035,0.4113068797440926
1553,0.5100789530555313
1036,0.2885788931295067
1554,0.6012956998636695
1037,0.26793995243756424
1555,0.31032349135851733
1815,0.45682311502007267
1038,0.48593876349620574
1556,0.45811304881331905
1039,0.6138264852837774
1040,0.9068257326068881
1041,0.3934320828948211
1557,0.36947616959167373
1816,0.2528292994309635
1924,0.4359998980719522
1042,0.386613861416233
1043,0.41064890292479705
1558,0.48112411367574043
1044,0.8055952429423671
1045,0.7946980644013975
1046,0.5401929319352017
1559,0.520842801815723
1817,0.5834761177287724
1047,0.24637648248943328
1560,0.28874308317208136
1818,0.3628846343667154
1048,0.4484325780528316
1049,0.3777536817216832
1050,0.43896119857329735
1051,0.31369456674719864
1561,0.3233696318069379
1819,0.33793315079159814
1925,0.4340727446483764
1052,0.4590242282234937
1053,0.8998022241682894
1054,0.500231308315644
1055,0.4634824503613132
1056,0.5120434412295362
1057,0.4445247061785235
1562,0.4257857051978428
1058,0.496148101876274
1059,0.4470767102031298
1060,0.40077606575670094
1061,0.3157578745369593
1563,0.2378123801854122
1820,0.3222472561995296
1062,0.43329588847025574
1063,0.648436368514352
1064,0.6786052007907581
1065,0.6479600185310403
1066,0.5466562554134239
1067,0.26259288203189424
1564,0.41756540993595953
1068,0.5144232398760005
1069,0.5156935064981648
1070,0.4299505095020632
1071,0.3118157136407675
1565,0.18431270144100875
1821,0.3149913801961786
1072,0.4259809263077991
1073,0.503969466519076
1074,0.6006684017424145
1566,0.3041390605777171
1075,0.6309329539878868
1076,0.6720590005932324
1567,0.4390114031629404
1077,0.24824981775506788
1568,0.6130062157240183
1822,0.45851991245009155
1078,0.4190810882695806
1079,0.490788041325055
1080,0.6306165997832303
1081,0.25953311772114995
1569,0.19172786652310567
1823,0.2949647886426785
1082,0.5030204039051067
1083,0.7154844854109126
1570,0.3960806716708216
1084,0.643109881632687
1571,0.5387064189697209
1824,0.25628620471532476
1085,0.46190793965492905
1086,0.5871920948504882
1572,0.40864447819467
1087,0.5114553456644724
1573,0.47712607150071734
1825,0.18161118565808465
1088,0.618513133649378
1089,0.5656035822320444
1090,0.562241436824254
1091,0.34511762548957714
1574,0.19169762188145598
1826,0.39006420094109145
1092,0.31698177707701514
1093,0.7249359130119375
1094,0.6544080726165995
1095,0.6206087880820925
1096,0.4571329152168602
1575,0.4065466526968812
1097,0.6264673307347401
1576,0.39550555308227564
1827,0.34289133349022644
1098,0.5169576488429376
1099,0.42231965214631784
1100,0.4697513147764094
1101,0.1635297968937758
1577,0.25816779359039543
1828,0.3076274132925574
1102,0.43966995154069816
1103,0.7143994812139765
1104,0.6433181705195229
1105,0.6165996636627424
1106,0.30202705463196905
1578,0.3821825752023107
1107,0.28740749427637224
1579,0.30454766848638265
1108,0.4890566026294321
1109,0.547030721280937
1110,0.41091757314262145
1111,0.43662783445763653
1580,0.2052354826225008
1112,0.5596337905530029
1113,0.3841833064825557
1114,0.8652561518418047
1115,0.7240394670507772
1116,0.45039646507495346
1581,0.3886355705948032
1117,0.2603190356674668
1582,0.4476566102366475
1829,0.3009602157690075
1118,0.40895616064557355
1119,0.41740404639701745
1120,0.4300758750241832
1121,0.4712878582170377
1583,0.3866948400843364
1830,0.343085483907964
1122,0.5275690430205758
1123,0.715699026027034
1124,0.7593942094912028
1584,0.5340359006357084
1125,0.5722091653104495
1585,0.6035800662590836
1126,0.6179050439881794
1586,0.3901459008764118
1831,0.44992667385761004
1127,0.42551819225216764
1587,0.22664908802421882
1832,0.2935523359656937
1926,0.3278842658303979
1128,0.30395595107621026
1129,0.37237972737999137
1588,0.3041960345018375
1130,0.4516872856455436
1131,0.6475953609574224
1589,0.34332963287908785
1833,0.3141995105696417
1132,0.421516801825046
1133,0.6009977359472476
1590,0.7478544936833913
1134,0.5485488938986248
1591,0.4449099820105462
1135,0.306445039002182
1136,0.2237856639335526
1592,0.306864629738571
1834,0.19546328922729622
1137,0.4696658354574963
1593,0.35427838295052605
1835,0.42204228687734674
1138,0.6620481880918446
1139,0.5819063574415491
1140,0.6242850218168363
1141,0.4423924375922124
1594,0.3421102515952456
1836,0.5294575153929263
1142,0.3647681513602507
1143,0.3646763830305643
1595,0.1575127523824969
1144,0.5861765971144838
1145,0.5055333152878142
1146,0.6119824472990182
1147,0.3431715078767856
1596,0.3180824868640438
1148,0.4091197916817067
1149,0.6790059748616283
1150,0.6395803704130341
1151,0.4542800295046418
1597,0.2750727365564866
1837,0.6048141555810921
1152,0.40374357289326207
1153,0.3479645132392233
1598,0.2742997171603999
1154,0.3242190844665623
1599,0.319901733780624
1155,0.5085159918725565
1600,0.593243999084097
1156,0.5748952586688588
1601,0.5433246317779344
1157,0.6043072102168139
1602,0.2972356426794475
1838,0.5163411899908198
1158,0.6628612788948532
1603,0.35983722762555387
1159,0.6383063468685787
1160,0.6450522073153573
1161,0.259728658595358
1604,0.2456972688660582
1839,0.29399762966499365
1162,0.6118625739172062
1163,0.6107230519456506
1605,0.4565983455136438
1164,0.5880803571776764
1606,0.21756353370173356
1840,0.2999006055852763
1165,0.6313073199165363
1166,0.6539500146845106
1607,0.165330953725611
1841,0.14989275274744668
1167,0.5023983417488646
1608,0.38841295786008484
1842,0.4051376755864295
1168,0.47255115319108026
1169,0.46663317614945066
1170,0.521953396321206
1171,0.640570240503435
1609,0.5065151953430417
1843,0.41208486602660344
1172,0.5319882269570128
1173,0.5793890128637335
1174,0.5517496777669353
1175,0.3500413386562581
1176,0.42060985379701976
1177,0.4012035121333103
1610,0.3315171034318083
1178,0.5414584359755742
1179,0.4076722926878802
1180,0.8360819866882541
1181,0.4673614950777745
1611,0.31446304560612415
1844,0.2056699180974499
1182,0.49176643989728774
1183,0.42957763807022414
1612,0.6202721902874464
1184,0.3670548340645776
1613,0.33579343206175427
1185,0.5298374202078504
1186,0.3199394353317512
1614,0.28599848458582866
1187,0.5037118199626338
1615,0.4018889677248665
1845,0.28287234438554626
1188,0.44476174761445264
1616,0.277513246899348
1189,0.8163258399908668
1190,0.7301336887545112
1191,0.5608755264820822
1617,0.46798450338797853
1846,0.31525022503132755
1192,0.47803281117460034
1193,0.6177069234081323
1194,0.38836395994498296
1618,0.15902099648183365
1195,0.5353786801136685
1196,0.6397591314334351
1197,0.4084559717013701
1619,0.5130814475547512
1198,0.508916030483305
1199,0.5887940284416242
1200,0.5500801521305371
1201,0.35700081964233005
1620,0.26683179127220297
1847,0.21929703175099471
1202,0.6000651569878901
1203,0.27396299681897723
1621,0.7688548865738873
1204,0.3853557751157801
1622,0.3009089820657201
1205,0.6391773325739376
1206,0.5419793143624726
1623,0.3680333560285883
1207,0.632440836262252
1624,0.39690405450724126
1848,0.3059613542994843
1208,0.684648682677816
1209,0.40676820982078105
1210,0.47774201024746965
1211,0.38102517034398214
1625,0.4007534809710617
1849,0.23161930571695297
1212,0.5179203989635951
1213,0.5103609689677266
1626,0.33933653194350155
1214,0.4962766035657317
1627,0.5687104827759918
1215,0.4692576168761903
1628,0.5497397048875902
1216,0.6330961531851118
1629,0.35112140911659945
1217,0.4390768338719152
1630,0.20280441835273372
1850,0.14704182880197794
1218,0.6724748891049753
1219,0.543128676229511
1220,0.672187453076363
1221,0.2784000938777273
1631,0.37555347154863167
1851,0.3473847407446417
1222,0.5718722790907252
1223,0.39356959908344014
1632,0.1926651920279969
1224,0.3912455121123617
1633,0.702414934351191
1225,0.4351449326771759
1226,0.4100964397666642
1634,0.6760752820123026
1227,0.6458621513882835
1635,0.44934768638932154
1852,0.5255260926635578
1228,0.6086767598510291
1229,0.511323338951412
1230,0.495571193925214
1231,0.19447281522772447
1636,0.2187466124812099
1853,0.43643609210555273
1232,0.42688151233556376
1233,0.46551886211491683
1637,0.5019115440719212
1234,0.7006271407895311
1638,0.5163530845310498
1235,0.5798958625512158
1639,0.5738304155583818
1236,0.6448827946172947
1640,0.2379201844790495
1854,0.356629647053087
1237,0.32052579590526536
1641,0.053357297411385535
1855,0.3780031269325973
1238,0.5663208145196349
1239,0.48515935713933195
1240,0.43923525847930284
1241,0.44616719789968456
1642,0.3017517933083982
1856,0.5871166327807802
1242,0.4663853545424646
1243,0.32649518124323235
1643,0.45877270360156286
1244,0.28975816082657413
1644,0.2689041426362598
1245,0.4573177720999129
1246,0.7957105905253031
1645,0.37972142534525527
1247,0.860818775224133
1646,0.3902696787322165
1857,0.30867227034802186
1248,0.45149804609331373
1249,0.436706242493207
1250,0.5329742101857043
1251,0.44143476987356894
1647,0.401666642161807
1858,0.40845632250283953
1927,0.439858594080115
1252,0.5187886280446183
1253,0.7120759709707246
1254,0.5216310847502704
1648,0.4220803487713968
1859,0.5826600141981887
1255,0.6244280403806295
1256,0.620965406085712
1649,0.23899356042764208
1860,0.5289891826269698
1257,0.38767042046565564
1650,0.4212146901976675
1861,0.38009590794552395
1928,0.41061037266948314
1258,0.41082678731291544
1259,0.620965406085712
1260,0.620316162155415
1261,0.30391795345734235
1651,0.20025533925325414
1862,0.18229292384837045
1262,0.4316025930824196
1263,0.441713755811522
1264,0.5844932616783102
1265,0.7897576675755955
1266,0.4595234616173159
1652,0.34692989779424616
1267,0.48699266887709963
1653,0.23343075570986493
1863,0.3375722557606935
1268,0.6176977979264006
1269,0.5156693138186321
1270,0.5841914022578729
1271,0.2871617325476836
1654,0.2621074006513975
1864,0.3282146137271407
1272,0.5310641442609286
1273,0.3316251569426787
1655,0.5914961131575218
1274,0.5725836716001071
1656,0.2570260819106549
1865,0.39081409440940174
1275,0.6920122377311875
1276,0.6331735306636758
1277,0.4384454287021493
1657,0.6706481833792933
1278,0.5729339019993187
1279,0.45525648786429546
1280,0.42793851672580785
1281,0.2437173267406226
1658,0.19713668364550926
1866,0.4247864431329054
1282,0.3606942800772232
1283,0.7366695954881495
1284,0.7277213355007163
1285,0.636545821574708
1286,0.5668945005914444
1659,0.5349709784741152
1867,0.37366045383579294
1287,0.3443972252282411
1660,0.3775299716681965
1868,0.2532217113022329
1929,0.3148921517561642
1288,0.42735001376039183
1289,0.517316303363774
1290,0.4791048147687892
1291,0.35673131331902747
1661,0.20630380758434005
1869,0.3434298457701403
1292,0.517316303363774
1293,0.6911084755494075
1294,0.3528548216042745
1662,0.43625528048465595
1870,0.6329607452543206
1295,0.5369339220812919
1296,0.34355118475706065
1663,0.4119993701329912
1297,0.41731573404568495
1664,0.35584527630516466
1871,0.35684209453879473
1298,0.5269657397449912
1299,0.5950816523763784
1300,0.5801293788719276
1301,0.27078345370206636
1665,0.07474253442148845
1872,0.5505571046075695
1302,0.5801293788719276
1303,0.30855461474739154
1666,0.39984790758527317
1304,0.5681699162551176
1667,0.36418646507047564
1873,0.275746087633778
1305,0.4155389422917843
1306,0.5299408498792547
1307,0.34849543036396485
1668,0.4854353696207874
1308,0.4908559088830364
1669,0.5921344056250615
1309,0.6537573782906315
1670,0.35334538654597736
1310,0.5305114329594913
1311,0.4614708802508434
1671,0.17047350933009567
1874,0.38073337439734195
1312,0.8386262962873419
1313,0.6717831883998855
1672,0.6870018773765405
1314,0.6803772715867025
1315,0.33213785912089033
1673,0.43866868195747555
1316,0.3446708971016651
1674,0.2737697108104251
1875,0.3008052641689536
1317,0.35254880668958055
1675,0.37063219006184117
1876,0.4748354487019969
1318,0.7009672625551181
1319,0.4725078845055673
1320,0.5396491594025749
1321,0.37063219006184117
1676,0.2152225191002346
1877,0.3718854938599187
1322,0.5697284505564343
1323,0.7407049331147418
1324,0.7602253197045175
1325,0.5893616889372219
1326,0.5141720517025303
1677,0.2608890108895152
1327,0.43127065680274224
1678,0.2510083213811102
1878,0.42066699001323454
1328,0.24739343497559624
1679,0.4247638612728171
1329,0.3481282694759199
1680,0.41970302030509726
1330,0.38741003508250565
1331,0.5491159536224992
1681,0.447176156987004
1879,0.32643895104283593
1332,0.5956274920401128
