ID,fopr
1,0.9213705684293921
301,0.9520202020202021
2,0.734625668449198
302,0.8702614379084969
454,0.8851010101010102
3,0.8417065390749602
303,1.0
4,0.793597742127154
304,0.9410279263220439
455,0.845959595959596
5,0.837826797385621
305,0.5732323232323233
456,0.79373882364313
566,1.0
6,0.9589609545749896
306,0.9883427296217995
7,0.9950123121764914
8,1.0
9,0.7766651665166517
307,0.6807879792954421
457,0.7537657274499381
567,0.9650281888653984
10,0.9705139631610221
11,0.5714695979401863
308,0.7297979797979799
12,0.25302040007922366
309,0.7523172905525848
458,0.6186868686868687
13,0.8536984679329177
14,0.4545083184789067
310,0.6500990295107943
459,0.5757575757575758
15,0.3284519839543763
311,0.3670330758566054
460,0.24810606060606066
568,0.8851010101010102
16,0.9061964675999764
17,0.9401477461178955
18,0.7816281628162818
19,0.15132763276327632
312,0.027400874415799803
461,0.044376513674759276
569,0.5337091848719756
20,0.724796989502872
21,0.22156862745098047
313,0.6742424242424244
22,0.16947662903545263
314,0.1994949494949495
23,0.4915422164225992
24,0.20879134482075665
315,0.40241632006337896
462,0.7676767676767677
25,0.0022715190179305213
316,0.4348509605862548
463,0.11148742325212914
570,0.643939393939394
26,0.22612085769980503
27,0.3765390220614102
28,0.5731823182318232
29,0.23784629924980805
317,0.2889065069297628
464,0.19199457259158753
571,0.09673467346734675
30,0.02696078431372547
31,0.255050505050505
318,0.8741929094870272
32,0.20387700534759357
319,0.20959595959595956
465,0.6383046147752031
33,0.6786163066067373
34,0.34885001980590213
320,0.1414141414141414
466,0.13114478114478118
35,0.1749552945725195
321,0.15964795008912655
467,0.340909090909091
36,0.22025813692480364
37,0.5810342228252677
38,0.5434043404340435
39,0.009200189024750421
322,0.03238856223930847
468,0.017326732673267356
572,0.11363636363636366
40,0.27267775797187566
41,0.9494949494949496
323,0.8899187958011487
42,0.6953109526638939
324,0.941919191919192
469,0.9488908694791048
43,0.8944710260499735
44,0.9311992473757182
325,0.8156565656565657
470,0.9253020400079225
45,0.4741656763715587
326,0.6313131313131314
471,0.4535254505842742
573,0.8752839398772414
46,0.9179219091499794
47,0.9451354339414042
48,0.8908140814081409
49,0.8064431443144315
327,0.930172370470878
472,0.8123929351999528
574,0.80765503875969
50,0.714968310556546
51,0.5075757575757577
328,0.5930926916221034
52,0.2451574569221628
329,0.20202020202020207
473,0.12524757377698553
53,0.30926489778164423
54,0.08593285799168149
330,0.18181818181818182
474,0.08789859378094671
55,0.05153248167954046
331,0.02145860519066258
475,0.0505050505050505
575,0.0485838779956427
56,0.3492379939748361
57,0.2269083873561486
58,0.5161078607860787
59,0.16163092917478883
332,0.15209307000351777
476,0.2605135513551356
576,0.10239018087855292
60,0.13507625272331159
61,0.43560606060606066
333,0.697276688453159
62,0.48737373737373735
334,0.6107843137254904
477,0.5675381263616558
63,0.7361775651249336
64,0.4250222816399288
335,0.29233511586452765
478,0.5909090909090909
65,0.3119924737571797
336,0.48674544487941623
479,0.8073578926520104
577,0.7424242424242424
66,0.8710201429499677
67,0.7256771697070206
68,0.7667391739173919
69,0.5037003700370037
337,0.39648977335544505
480,0.5544332210998879
578,0.6269673478975806
70,0.9311992473757182
71,0.6161616161616162
338,0.9449593979005745
72,0.461388393741335
339,0.6658249158249159
481,0.9570707070707071
73,0.9472355130249869
74,0.710858585858586
340,0.906627550009903
482,0.9646167557932265
75,0.8574841552782729
341,0.8177226813590451
483,0.6666666666666667
579,0.7130025747672808
76,0.5485705003248863
77,0.8104678627066687
78,0.9652590259025903
79,0.27678526559123573
342,0.6482367534999115
484,0.6677677942212826
580,0.751850185018502
80,0.4692513368983957
81,0.27660922955040607
343,0.9191919191919193
82,0.6166815210932859
344,0.9393939393939393
485,0.9960685284214698
83,0.6402421342612731
345,0.8270202020202022
84,0.9154040404040404
346,0.9017132105367401
85,0.7297113289760349
347,0.5491034749407956
486,0.8712121212121213
86,0.5661586626498908
87,0.4413789637670235
88,0.8461471147114712
89,0.7717021702170218
348,0.80548017488316
487,0.7830793313249454
90,0.882055852644088
91,0.2687462863933452
349,0.44318181818181823
92,0.02525252525252525
350,0.007303426421073461
488,0.30806100217864923
93,0.09469696969696964
351,0.1413778937702383
94,0.012217765894236437
352,0.25252525252525254
489,0.15866508219449402
95,0.25793473955238666
353,0.12219080759750611
490,0.41666666666666674
581,0.27267775797187566
96,0.9530982337999884
97,0.7655786722950902
98,0.5682193219321933
99,0.003337468249748913
354,0.29174832906176196
491,0.19599459945994602
582,0.883427296217994
100,0.6953109526638939
101,0.05303030303030299
355,0.044652406417112274
102,0.3473757179639532
356,0.21464646464646467
492,0.14490493166963753
103,0.29007781160891216
357,0.007575757575757585
104,0.3709645474351357
358,0.07702020202020197
493,0.2825064369182016
105,0.22292301000434975
359,0.5134803921568628
494,0.3118686868686869
106,0.4782178510248686
107,0.5361450324136892
108,0.3796254625462547
109,0.05023923444976078
360,0.007450123121764938
495,0.002437743774377418
583,0.11404745125675356
110,0.25302040007922366
111,0.06430976430976428
361,0.23611111111111116
112,0.009269162210338671
362,0.16947662903545263
496,0.0909090909090909
113,0.63544536271809
114,0.1301619132501486
363,0.005337690631808249
497,0.16414141414141414
115,0.1793053079817786
364,0.0262553767338456
498,0.25000000000000006
116,0.777216610549944
117,0.23189607517965727
118,0.3647364736473647
119,0.2108835883588359
365,0.03851379289975776
499,0.6677677942212826
120,0.20387700534759357
121,0.06037829273123386
366,0.48484848484848486
122,0.4495939790057437
367,0.4621212121212122
123,0.1989391522884346
124,0.5380520895226778
125,0.19414238074525156
368,0.3660502079619727
126,0.8358438182999588
127,0.48128046635509325
128,0.05703070307030707
129,0.026788351349754845
369,0.10720387959193928
500,0.05206770677067705
130,0.28742077639136465
131,0.03282828282828284
370,0.139007724301842
132,0.017132105367399515
371,0.032857991681521106
501,0.042929292929292914
133,0.49633898796578224
134,0.002389086947910483
372,0.04072093483858185
502,0.3358585858585859
135,0.04544246290657777
373,0.007303426421073461
503,0.028926520102990683
584,0.005050505050504989
136,0.14990548762478584
137,0.4962435298256195
138,0.14140164016401638
139,0.020925630574753336
374,0.01742549876878237
504,0.00740074007400743
585,0.04410382898754991
140,0.28742077639136465
141,0.8152208358090712
375,0.9873737373737375
142,0.6461675579322639
376,0.8348781937017232
505,0.811868686868687
143,0.9136581122227057
377,0.5656565656565657
144,0.6166815210932859
378,0.8034264210734801
506,0.7474747474747475
145,0.739540007922361
379,0.4267858005896284
507,0.724796989502872
586,0.8547979797979799
146,1.0
147,0.9800492487059652
148,0.9702220222022204
149,0.3815267098849188
380,0.7022202220222022
508,0.6892757989249217
587,0.8950845665961946
150,0.9115418894830659
151,0.012626262626262574
381,0.05644682115270353
152,0.0
382,0.052515349574173115
509,0.27267775797187566
153,0.275687496979363
154,0.16456228956228955
383,0.2727272727272727
510,0.32575262428203605
155,0.07422309216567585
384,0.34885001980590213
511,0.3181818181818183
156,0.6013349872998996
157,0.5910095984722851
158,0.6674792479247926
159,0.16125362536253623
385,0.12645460452478
512,0.5361450324136892
160,0.75428302634185
161,0.03030303030303034
386,0.017132105367399515
162,0.07217270746682511
387,0.3030303030303031
513,0.2825064369182016
163,0.16056497994297037
164,0.12033323430382253
388,0.08585858585858581
514,0.6658249158249159
165,0.01666183364747957
389,0.03678946326005153
515,0.27777777777777785
588,0.39455337690631814
166,0.3375125524248332
167,0.04236393788632591
168,0.36969946994699476
169,0.11658665866586662
390,0.10886644219977556
516,0.09722850394492184
589,0.16067653276955607
170,0.3119924737571797
171,0.8333333333333335
172,0.719882650029709
173,0.7265840220385676
174,0.4397653000594178
175,0.031052148277028617
391,0.1989626658744306
176,0.64237403272491
177,0.5361450324136892
178,0.32006950695069514
179,0.3081989485498257
392,0.3101435143514352
517,0.47379893461983014
590,0.7202255109231854
180,0.16456228956228955
181,0.7992424242424243
393,0.8309467221231929
182,0.7626262626262628
394,0.5773668053079819
518,0.7582144979203803
183,0.8321129959885942
184,0.5871954842543079
395,0.7070707070707071
519,0.5478807684690039
185,0.5478807684690039
396,0.811868686868687
520,0.7217872504953845
591,0.7680431768667064
186,0.6834130781499204
187,0.8304186140007036
188,0.8114061406140616
189,0.6476272627262727
397,0.4489042471498612
521,0.5511080958842154
592,0.44045102184637075
190,0.9017132105367401
191,0.1565656565656566
398,0.7326599326599327
192,0.494949494949495
399,0.13507625272331159
522,0.6697563874034462
193,0.1439393939393939
400,0.1173940360543231
194,0.40404040404040403
401,0.4987373737373738
523,0.6618934442463855
195,0.3068181818181818
402,0.5085660526836998
524,0.453168044077135
593,0.8663299663299665
196,0.4195906432748538
197,0.25434067038544655
198,0.28532853285328535
199,0.06196467599976369
403,0.5137004372079
525,0.2902915291529153
594,0.20730561428235847
200,0.4004505842741138
201,0.26515151515151514
404,0.9528223410576352
202,0.4191919191919192
405,0.675653594771242
526,0.9174390968508617
203,0.14617466531342133
204,0.6363388789859379
406,0.6287878787878788
527,0.783769063180828
205,0.37833605664488024
407,0.4520202020202021
528,0.4723551302498671
595,0.7169340463458111
206,0.6599621950499145
207,0.8503693652947385
208,0.878406590659066
209,0.2788853446748184
408,0.47379893461983014
529,0.4242924292429243
596,0.38216466995536763
210,0.862398494751436
211,0.6085858585858587
409,0.842741136858784
212,0.6010101010101011
410,0.3463928500693207
530,0.7090711031887503
213,0.8536984679329177
214,0.675653594771242
411,0.1780303030303031
531,0.3119924737571797
215,0.37162292784302353
412,0.3906219053277877
532,0.3207070707070708
597,0.3788274905921965
216,0.888608305274972
217,0.6159480375898286
218,0.7915541554155416
219,0.519256896449879
413,0.4613297150610584
533,0.4094034403440344
598,0.790169133192389
220,0.6658249158249159
221,0.11148742325212914
414,0.3838383838383839
222,0.24319172113289758
415,0.5085660526836998
534,0.5025252525252526
223,0.40520032864530475
224,0.5970241632006339
416,0.5636066547831254
535,0.6363636363636365
225,0.5634937895703446
417,0.4938230342642108
536,0.4574569221628046
599,0.5656565656565657
226,0.495806013349873
227,0.6508618523543898
228,0.5582933293329334
229,0.36389479591233986
418,0.6558495401778984
537,0.46399639963996403
600,0.5103946441155744
230,0.007303426421073461
231,0.11148742325212914
419,0.2853535353535354
232,0.2333630421865716
420,0.23611111111111116
538,0.5675381263616558
233,0.17975206611570252
234,0.02696078431372547
421,0.12247474747474749
539,0.37489601901366615
235,0.022046444840562493
422,0.011865062104296553
540,0.1363636363636364
236,0.5368450587748834
237,0.24685913865018344
238,0.43421842184218423
239,0.009132017852948029
423,0.04710471047104713
541,0.0024624352982561713
601,0.07955283832476812
240,0.12524757377698553
241,0.09469696969696964
424,0.6147157853040207
242,0.11541889483065955
425,0.07806991483462075
542,0.05555555555555559
243,0.007068290561113537
244,0.25302040007922366
426,0.1338383838383838
543,0.16259655377302432
245,0.31406166932482726
427,0.18421964745494154
544,0.13888888888888892
246,0.2906107862248213
247,0.45634202723754974
248,0.7071832183218323
249,0.25434067038544655
428,0.23569856985698576
545,0.17921909149979326
602,0.41713648108996954
250,0.21370568429391962
251,0.021063576945929835
429,0.22979797979797983
252,0.05644682115270353
430,0.13507625272331159
546,0.16666666666666669
253,0.7985355951863129
254,0.12721330956625074
431,0.1055902158843335
547,0.2752525252525253
255,0.1509714368566043
432,0.08101851851851852
548,0.12247474747474749
603,0.15080213903743317
256,0.6130604288499026
257,0.7805417357656165
258,0.5632563256325633
259,0.0736901175497666
433,0.14211769435650035
549,0.037178717871787205
604,0.5453664552501762
260,0.5773668053079819
261,0.6894137452960983
434,0.7045454545454546
262,0.5380520895226778
435,0.6933452168746287
550,0.5858585858585859
263,0.9520322845681697
264,0.3267354921766687
436,0.3005050505050506
551,0.32575262428203605
265,0.21370568429391962
437,0.09341017833840802
552,0.16919191919191925
605,0.1429391958803724
266,0.1909445330497962
267,0.5660711593547415
268,0.35481048104810486
269,0.06231468918036077
438,0.10666066606660668
553,0.10300372142477404
606,0.2655919661733615
270,0.3316498316498317
271,0.40656565656565663
439,0.8859873242226184
272,0.3709645474351357
440,0.2255000990295108
554,0.3800505050505051
273,0.8800807114204244
274,0.2333630421865716
441,0.20454545454545456
555,0.48497722321251735
275,0.43398095790440294
442,0.4102792632204397
556,0.3750000000000001
607,0.14687066745890273
276,0.5720213834248923
277,0.21693301170913115
278,0.5334783478347835
279,0.21439541614980212
443,0.20695763606211373
557,0.16621662166216625
608,0.1257047216349542
280,0.6461675579322639
281,0.6136363636363638
444,0.44762824321647854
282,0.719882650029709
445,0.7373737373737375
558,0.744454347395524
283,0.47715190179305017
284,0.33656417112299475
446,0.3383838383838384
559,0.685482273717568
285,0.261297182349814
447,0.29233511586452765
560,0.19444444444444448
609,0.6225787284610815
286,0.5075314548998761
287,0.41644052464947995
288,0.5384413441344136
289,0.2671599031248154
448,0.5012312176491283
561,0.25555055505550556
610,0.37050739957716705
290,0.8034264210734801
291,0.5050505050505051
449,0.6029213705684294
292,0.29233511586452765
450,0.17424242424242423
562,0.41814220637750055
293,0.5011357595089653
294,0.16947662903545263
451,0.29545454545454547
563,0.4063477916419093
295,0.21812623846116672
452,0.3021637948108536
564,0.22222222222222224
611,0.16652802535155478
296,0.40200248094984936
297,0.09224081612141317
298,0.8411841184118413
299,0.1968072538247977
453,0.18201919694457008
565,0.13147564756475644
612,0.2306201550387597
300,0.14490493166963753
613,0.12878787878787884
1333,0.7405228758169936
614,0.013200633788869093
1334,0.4201079421667658
1682,0.02777777777777774
615,0.3908100140157557
616,0.02020202020202016
1335,0.09576153693800754
1683,0.09576153693800754
617,0.7020202020202021
1336,0.11050455535749648
1684,0.37641969938620656
618,0.2085326953748006
619,0.4363912759435148
620,0.34488448844884495
621,0.012437810945273606
1337,0.027252725272527284
1685,0.7244521235749306
622,0.06627550009902948
623,0.7012081600316895
1338,0.5883838383838385
624,0.4397653000594178
1339,0.5596751832045951
1686,0.734848484848485
625,0.46755835870668416
626,0.641253218459101
1340,0.30412953060011894
1687,0.5126262626262627
627,0.2325165530907158
1341,0.1498192711428005
1688,0.1704594969300852
1880,0.3964646464646466
628,0.6951385196999234
629,0.735652545354038
630,0.741924192419242
631,0.42545336404985534
1342,0.1620684456505352
1689,0.191031603160316
1881,0.39382194033356827
632,0.36113586848880974
633,0.3800505050505051
1343,0.5930926916221034
634,0.3021637948108536
1344,0.2884036442859973
1690,0.4646464646464647
635,0.6594292204340052
636,0.5822811447811449
1345,0.49480590215884335
1691,0.3118686868686869
637,0.40999710018848773
1346,0.22353436324024556
1692,0.4116161616161616
1882,0.530189146365617
638,0.5133941756748774
639,0.7406402331775467
640,0.6377012701270128
641,0.3316498316498317
1347,0.28676064123825323
1693,0.44414441444144415
642,0.4594226579520697
643,0.6736878589819768
1348,0.19696969696969702
644,0.4692513368983957
1349,0.23139730639730643
1694,0.21717171717171715
645,0.7313807935817507
646,0.5577094474153299
1350,0.3068181818181818
1695,0.3316498316498317
647,0.21332946691798374
1351,0.26776341849871266
1696,0.3648989898989899
1883,0.49480590215884335
648,0.5778841041998938
649,0.521181968943163
650,0.49377437743774377
651,0.37855159784984344
1352,0.23688376300316602
1697,0.1562906290629063
1884,0.33553558844256526
652,0.07610417904535555
653,0.14901926239135546
1353,0.4653198653198654
654,0.07610417904535555
1354,0.1843434343434343
1698,0.4299366211130917
655,0.6498356773476391
656,0.20387700534759357
1355,0.21212121212121215
1699,0.7916320063378888
657,0.13507625272331159
1356,0.20707070707070707
1700,0.2373133246338988
1885,0.6068528421469598
658,0.7713538897749425
659,0.18700688476807886
1357,0.7287284610814023
660,0.6823682368236825
661,0.22577257725772581
1358,0.2668098899442183
1701,0.07907564012215178
1886,0.28474806544981984
662,0.5380520895226778
663,0.5989898989898991
1359,0.6944444444444445
664,0.4790800158447218
1360,0.681818181818182
665,0.6930066212362863
666,0.27267775797187566
1361,0.6212121212121213
667,0.4267858005896284
1362,0.38570756585462473
1702,0.5808080808080809
668,0.630648591174907
669,0.5461204080607066
670,0.4888113811381139
671,0.10169766976697667
1363,0.167056133474044
1703,0.24957174079981098
672,0.3513071895424837
673,0.25302040007922366
1364,0.2904040404040404
674,0.04661814220637748
1365,0.10362448009506829
1704,0.39898989898989906
675,0.18934560920206855
676,0.21862002376708262
1366,0.42207367795603096
1705,0.42803030303030304
677,0.4195906432748538
1367,0.37833605664488024
1706,0.5782828282828284
678,0.3023362277748243
679,0.22192069953263982
680,0.28036553655365537
681,0.08184568456845681
1368,0.04735162570983468
1707,0.6386246182757812
682,0.18421964745494154
683,0.481045751633987
1369,0.7727272727272728
684,0.4417310358486829
1370,0.1780303030303031
1708,0.4004505842741138
685,0.13658112222705526
686,0.38275896217072697
1371,0.23232323232323232
1709,0.4446796395325808
687,0.10780049296795706
1372,0.5773668053079819
688,0.7010012404749247
689,0.6209357254133374
690,0.9255550555055507
691,0.5086633663366338
1373,0.6458741645308811
692,0.5282234105763518
693,0.18686868686868693
1374,0.43386809269162213
694,0.22353436324024556
1375,0.1590909090909091
1710,0.5557437116260646
695,0.2517036392634479
696,0.5527951079421669
1376,0.4722222222222223
697,0.5921098237274709
1377,0.09820694988159104
1711,0.08080808080808081
1887,0.44762824321647854
698,0.29647350699982283
699,0.1321423187094829
700,0.5781453145314532
701,0.15708075782702643
1378,0.08680868086808684
1712,0.1440427668497844
1888,0.18981970871505752
702,0.832912457912458
703,0.3355813032283621
1379,0.4797979797979799
704,0.41421073479897014
1380,0.17171717171717174
1713,0.26284907902554966
705,0.3380455270407424
706,0.3395127748068925
1381,0.12626262626262624
1714,0.3316498316498317
707,0.21370568429391962
1382,0.07196969696969699
1715,0.055036005992943796
1889,0.4299366211130917
708,0.41372792249985235
709,0.44636665159053224
710,0.3746624662466247
711,0.06730237700386953
1383,0.06695669566956698
1716,0.3238783180643646
712,0.9213705684293921
713,0.4771142800554566
1384,0.3472222222222222
714,0.1055902158843335
1385,0.3866904337492573
1717,0.297979797979798
715,0.3860132424725727
716,0.14490493166963753
1386,0.08396712220241628
1718,0.39393939393939403
717,0.16536175148615345
1387,0.29724945533769065
1719,0.0682412358882947
1890,0.35353535353535354
718,0.3902770393998465
719,0.3915020855319363
720,0.24066156615661566
721,0.0719196919691969
1388,0.03737625006281724
1720,0.24227742541696035
722,0.08593285799168149
723,0.2588383838383839
1389,0.2097742127153892
724,0.3807932263814617
1390,0.1919191919191919
1721,0.3001980590215884
725,0.5443067033976126
726,0.4201079421667658
1391,0.2588383838383839
1722,0.1940483264012676
727,0.38121647092938965
1392,0.11541889483065955
1723,0.022727272727272756
1891,0.23139730639730643
728,0.4840805717998701
729,0.4014774611789537
730,0.5161078607860787
731,0.45135433941404096
1393,0.25058755875587563
1724,0.06741836974395116
1892,0.11472916297477696
732,0.2333630421865716
733,0.500703109526639
1394,0.3648989898989899
734,0.3316498316498317
1395,0.256951871657754
1725,0.21969696969696975
735,0.3620293847566575
736,0.13999059219647456
1396,0.07806991483462075
1726,0.39141414141414144
737,0.3236552124111933
1397,0.26284907902554966
1727,0.1547336106159636
1893,0.292929292929293
738,0.3551007147498376
1398,0.547979797979798
739,0.27179757776772706
740,0.5285153515351536
741,0.5570237256283769
1399,0.38651439770842766
1728,0.2704395439543955
1894,0.4606296886998642
742,0.26284907902554966
743,0.5530303030303031
1400,0.5164289958407606
744,0.4594226579520697
745,0.5395099318544296
746,0.5183947316300259
747,0.05023923444976078
1401,0.3709645474351357
748,0.32578711087483014
749,0.35160058294386654
750,0.17117961796179618
751,0.11219156741544804
1402,0.0768826882688269
1729,0.31992439009982876
752,0.1055902158843335
753,0.3906219053277877
1403,0.4242424242424243
754,0.3178896811249753
1404,0.10606060606060608
1730,0.1940483264012676
755,0.3572326132134745
756,0.2490889285006932
1405,0.015151515151515171
1731,0.4004505842741138
757,0.5793325410972471
1406,0.037878787878787824
1732,0.0417038027332145
1895,0.2085326953748006
758,0.39613976017484787
759,0.42641590029649734
760,0.35977347734773485
761,0.27724923655156214
1407,0.1171792552389567
1733,0.04214171417141712
1896,0.1381800460747829
762,0.05644682115270353
763,0.23729451376510205
1408,0.2702020202020202
764,0.657961972667855
1409,0.11868686868686865
1734,0.3218211527035057
765,0.3044681262384612
766,0.4692513368983957
1410,0.08838383838383841
1735,0.06627550009902948
767,0.5124975242622302
1411,0.04064569136339475
1736,0.03535353535353533
1897,0.22844870271340856
768,0.16749364994979035
769,0.2418714508266747
770,0.23073557355735572
771,0.13736199201315483
1412,0.12651265126512654
1737,0.022413186592291037
1898,0.09127827987477113
772,0.04661814220637748
773,0.6815508021390375
774,0.5478807684690039
775,0.5107293025953313
776,0.27759209744503865
777,0.12698757914068926
1413,0.4889086947910477
778,0.23198357847480652
779,0.0722900648273782
780,0.48384838483848386
781,0.3316498316498317
1414,0.020789288231148652
1738,0.20095759575957595
782,0.017132105367399515
783,0.5754010695187166
1415,0.4772727272727273
784,0.5282234105763518
1416,0.3308080808080808
785,0.24211009617708182
1417,0.42803030303030304
786,0.19159115666468607
1418,0.3560606060606061
787,0.3476390701271085
1419,0.03187512378688845
1739,0.3712121212121212
788,0.45476696792486265
789,0.6907633549424594
790,0.6922942294229424
791,0.3366375194733405
1420,0.03244655860934929
1740,0.20592059205920596
792,0.5577094474153299
793,0.2398989898989899
1421,0.20387700534759357
794,0.03678946326005153
1422,0.10101010101010098
1741,0.2608833432362845
795,0.266093953892997
796,0.12524757377698553
1423,0.06691919191919189
1742,0.29626658744305806
797,0.088613406795225
1424,0.017132105367399515
1743,0.0014062190532778268
1899,0.16161616161616166
798,0.2554344615748125
799,0.26182220212070967
800,0.1860686068606861
801,0.057327001356852106
1425,0.061993699369936976
1744,0.055761099365750535
1900,0.0678273967747652
802,0.03678946326005153
803,0.1540404040404041
1426,0.4377995642701526
804,0.06627550009902948
1427,0.03678946326005153
1745,0.28030303030303033
805,0.06462954907930982
1428,0.244949494949495
806,0.680567934244405
1429,0.06691919191919189
1746,0.4889086947910477
807,0.08381663525204198
1430,0.07118983957219246
1747,0.44949494949494956
808,0.17335637072479176
809,0.29673601688527057
810,0.2952545254525453
811,0.17204382129755266
1431,0.02228972897289727
1748,0.015062909799751929
1901,0.1723338031477567
812,0.1743909685086156
813,0.20387700534759357
1432,0.41414141414141425
814,0.1547336106159636
1433,0.09183006535947713
1749,0.017676767676767666
815,0.07901986370885887
1434,0.43181818181818193
816,0.19159115666468607
1435,0.3257575757575758
817,0.15576820839978733
1436,0.11616161616161616
1750,0.34147851059615775
818,0.261297182349814
1437,0.04545454545454541
819,0.3466128951203579
820,0.4143664366436644
821,0.12715463088597415
1438,0.0322157215721572
1751,0.31222104768616404
822,0.3709645474351357
823,0.22474747474747475
1439,0.19011685482273719
824,0.09576153693800754
1440,0.0025252525252524947
1752,0.21763715587245006
825,0.4004035571021218
826,0.10067587641117053
1441,0.04040404040404042
1753,0.6776193305605072
827,0.1743909685086156
1442,0.10300372142477404
1754,0.10858585858585856
1902,0.5871954842543079
828,0.5954722665248982
829,0.12216694306246546
1443,0.012363736373637343
830,0.602960296029603
831,0.08226544047439574
1444,0.14636463646364642
1755,0.1323173252997814
832,0.22353436324024556
833,0.2825064369182016
1445,0.4545454545454546
834,0.540017825311943
1446,0.08593285799168149
1756,0.4747474747474748
835,0.5730873326567107
836,0.3070781342840167
1447,0.178322440087146
1757,0.2828282828282828
837,0.31690681323034264
1448,0.17015852302933648
1758,0.18618538324420678
1903,0.44696969696969696
838,0.4078652017248509
839,0.431403588120006
840,0.21584658465846587
841,0.24562456245624564
1449,0.08725312829790441
1759,0.18508181227479478
842,0.1547336106159636
843,0.05808080808080808
1450,0.1743909685086156
844,0.18421964745494154
1451,0.13131313131313133
1760,0.11935036640918988
845,0.31885844086801024
846,0.1547336106159636
1452,0.24242424242424238
1761,0.3513071895424837
847,0.04661814220637748
1453,0.035848919820211635
1762,0.07196969696969699
1904,0.18225391166567645
848,0.4430415263748598
849,0.486268154178602
850,0.32503250325032507
851,0.26547654765476547
1454,0.07727775265088696
1763,0.05610195522476218
1905,0.2189628846605591
852,0.09576153693800754
853,0.5518122400475343
1455,0.45959595959595967
854,0.2878787878787879
1456,0.4299366211130917
855,0.256500410806631
856,0.5331377500495148
1457,0.18939393939393942
1764,0.5439492968904734
857,0.28048426852254604
1458,0.3562215290156467
1765,0.3232323232323233
858,0.24370902002480946
859,0.5137004372079
860,0.4590334033403341
861,0.5896095457498968
1459,0.06313131313131316
1766,0.12154965496549652
1906,0.20695763606211373
862,0.4397653000594178
863,0.24122598534363238
1460,0.45707070707070707
864,0.02696078431372547
1461,0.02499504852446026
1767,0.4090909090909091
865,0.4459728867623605
866,0.07610417904535555
1462,0.46969696969696967
867,0.27089072543618004
1463,0.24319172113289758
1768,0.3585858585858587
868,0.4899432925748715
869,0.6334049449721093
870,0.4391814181418143
871,0.5837468249748952
1464,0.06060606060606057
1769,0.1116236623662366
1907,0.20695763606211373
872,0.3021637948108536
873,0.9921370568429392
1465,0.5833333333333334
874,0.5183947316300259
1466,0.3750000000000001
875,0.4387777294475859
876,0.5675381263616558
1467,0.0907329105003523
1770,0.08333333333333333
877,0.2996713546952782
1468,0.09084719746484447
1771,0.047979797979798004
878,0.13178435068387226
1469,0.15576820839978733
879,0.6708126036484247
880,0.4987373737373738
881,0.17703150912106141
1470,0.032651072124756354
1772,0.1761426142614262
882,0.4889086947910477
883,0.22727272727272724
1471,0.7759061200237672
884,0.4889086947910477
1472,0.0984848484848485
1773,0.2825064369182016
885,0.5203228456816974
886,0.5036517132105368
1473,0.1464646464646465
1774,0.5832640126757775
887,0.06942632062249283
1474,0.05644682115270353
1775,0.26767676767676774
888,0.2026699745997992
889,0.6334049449721093
890,0.6277752775277529
891,0.3116990803557968
1475,0.1811056105610561
1776,0.3005637773079634
892,0.34147851059615775
893,0.253934695795161
1476,0.26481481481481484
894,0.3906219053277877
1477,0.11111111111111106
1777,0.39848484848484855
895,0.4147938717316708
1478,0.5303030303030304
896,0.40536492374727673
1479,0.15025252525252525
1778,0.12328183798772029
897,0.35243584167029146
1480,0.4495939790057437
1779,0.07702020202020197
1908,0.3591701326995445
898,0.5309823379998819
899,0.5610834715312328
900,0.473922392239224
901,0.42879375146817006
1481,0.05233931353334334
1780,0.09177167716771675
1909,0.38441431862484493
902,0.24319172113289758
903,0.4102792632204397
1482,0.48989898989899
904,0.6540305010893247
1483,0.10353535353535348
1781,0.3119924737571797
905,0.5242919389978214
1484,0.3956067855589387
906,0.4260051495345613
1485,0.01010101010101008
1782,0.4594226579520697
907,0.5360863537334126
1486,0.2474747474747475
1783,0.05983277753612681
1910,0.3218211527035057
908,0.6186472568825511
1487,0.27302262389981685
909,0.5261696567666718
910,0.5235523552355237
911,0.3471928588207659
1488,0.10221619176843061
1784,0.27540254025402544
1911,0.36389479591233986
912,0.4495939790057437
913,0.4731828084769262
1489,0.33333333333333337
914,0.36113586848880974
1490,0.09969300851653788
1785,0.15025252525252525
915,0.2852810400657291
916,0.8034264210734801
1491,0.5959595959595961
917,0.36113586848880974
1492,0.24690686772026485
1786,0.710858585858586
918,0.8182556559749543
919,0.7057264184129857
920,0.4044404440444045
921,0.32999549954995505
1493,0.13713000653299157
1787,0.08541555909976963
1912,0.4987373737373738
922,0.773940384234502
923,0.9065656565656567
1494,0.9606852842146961
924,0.862398494751436
925,0.8369097675317773
1495,0.9015151515151516
926,0.9410279263220439
1496,0.8762626262626264
927,0.9262849079025551
1497,0.8081291382726791
1788,0.9343434343434344
928,0.9824118376749957
1498,0.8232323232323233
929,0.9850369365294739
930,0.9751850185018502
931,0.8703201165887734
1499,0.9007400740074009
1789,0.8964646464646465
1913,0.9296473506999824
932,0.793597742127154
933,0.9567538126361657
1500,0.8661616161616164
934,0.9311992473757182
1501,0.8207070707070707
935,0.9328451983954377
936,0.975428302634185
1502,0.792929292929293
937,0.9232516553090718
1503,0.8918845315904141
1790,0.8547979797979799
938,0.9706863961249926
939,0.9551108095884215
940,0.9553330333033304
941,0.8753078044122822
1504,0.6873312331233123
1791,0.80765503875969
942,0.9901713210536741
943,0.9823232323232325
944,0.8132551000198059
1505,0.840909090909091
945,0.942438741481804
946,0.867312834224599
1506,0.8611111111111112
1792,0.8781243810655577
947,0.9040645691363394
1507,0.827998118439295
1793,0.7651515151515152
1914,0.8112893642305408
948,0.9882745584499972
949,0.9900246243529828
950,0.9950370037003702
951,0.915209307000352
1508,0.9205920592059207
1794,0.8065302144249513
1915,0.7435400516795867
952,0.8918845315904141
953,0.9370964547435138
1509,0.7323232323232324
954,0.832912457912458
1510,0.7992424242424243
955,0.9184548837658886
956,0.955770944741533
1511,0.7828282828282829
957,0.8992677975931566
1512,0.724796989502872
1795,0.696969696969697
958,0.9648236753499912
959,0.8952585557063171
960,0.9404440444044404
961,0.9002462435298257
1513,0.9106660666066607
1796,0.6969109701667843
962,0.9803426421073481
963,0.9469696969696971
1514,0.882055852644088
964,0.9217171717171718
1515,0.9213705684293921
965,0.8686868686868688
1516,0.7697549659272148
966,0.898989898989899
1517,0.9803426421073481
967,0.9568290561113528
1518,0.8181694394929689
1797,0.8251409443269909
1916,0.8270202020202022
968,0.9040404040404042
1519,0.9472355130249869
969,0.9251846826473693
970,0.9503700370037005
971,0.9700738730589477
1520,0.7303148443499322
1798,0.9183991073525959
972,1.0
973,0.5328282828282829
1521,0.764111705288176
974,0.6265102000396119
1522,0.7208655179243415
975,0.5299163887680635
1523,0.7222222222222223
976,0.6464646464646465
1524,0.773940384234502
977,0.633838383838384
1525,0.5347131603112465
1799,0.6903966131907309
978,0.31406166932482726
1526,0.5441919191919192
979,0.9750615608824567
980,0.9801480148014803
981,0.9595959595959598
1527,0.8511101110111012
1800,0.7206894818835119
1917,0.8465033106181432
982,0.3807932263814617
983,0.9949494949494951
984,0.85256981580511
1528,0.9803426421073481
985,0.7073969358658355
1529,0.8484848484848486
986,0.872227173697762
1530,0.6843434343434345
1801,0.7955634779164191
987,0.9318181818181819
1531,0.8704871683340584
1802,0.9655996236878592
988,0.8827455844999705
1532,0.5580808080808082
989,0.9650861852354392
990,0.9354810481048105
991,0.7500000000000001
1533,0.878406590659066
1803,0.7556032966480729
1918,0.6690227635203713
992,0.8132551000198059
993,0.9785353535353536
994,0.9508566052683701
995,0.9616258276545361
996,0.985256981580511
997,0.9904064569136339
1534,0.9508566052683701
998,0.9941372792249985
999,0.9600984974119304
1000,0.9851110111011103
1001,0.9444444444444446
1535,0.9454070407040706
1804,0.8475692598499617
1002,0.9606852842146961
1003,0.9785353535353536
1536,0.988205585264409
1004,0.9606852842146961
1537,0.9747474747474747
1805,0.9135076252723312
1005,0.9376419699386208
1538,0.8636363636363636
1006,0.877141513170925
1539,0.6893939393939394
1806,0.7994949494949496
1007,0.7745517374703978
1540,0.8083407605466431
1807,0.6035353535353537
1919,0.8486383442265796
1008,0.9237846299249809
1009,0.9102216191768431
1010,0.8709620962096211
1011,0.8417065390749602
1541,0.3017237047087794
1808,0.6228122812281229
1920,0.6060606060606062
1012,0.764111705288176
1013,0.6792929292929294
1542,0.6265102000396119
1014,0.685482273717568
1543,0.6111111111111112
1015,0.7409743366681166
1544,0.691919191919192
1016,0.719882650029709
1545,0.4671717171717172
1809,0.3178896811249753
1017,0.7169904789522015
1546,0.6117671816201229
1810,0.4823232323232324
1018,0.7068639612499262
1019,0.770566360118599
1020,0.7568131813181319
1021,0.4371788055998582
1547,0.19698226041509628
1811,0.339921492149215
1921,0.38888888888888895
1022,0.5085660526836998
1023,0.9696969696969697
1548,0.8938502673796793
1024,0.8918845315904141
1025,0.8656903967908753
1026,0.896798871063577
1549,0.19797979797979803
1812,0.8181818181818182
1027,0.7553646512976657
1550,0.778854723707665
1813,0.7803030303030304
1922,0.8486383442265796
1028,0.9003337468249749
1029,0.8254309261771949
1030,0.8635176017601761
1031,0.7955047992361427
1551,0.5930343034303431
1814,0.618923149624904
1923,0.8717700258397933
1032,0.744454347395524
1033,0.6262626262626263
1034,0.3463928500693207
1552,0.6691919191919192
1035,0.3332487554975594
1553,0.5934343434343434
1036,0.2382773816597346
1554,0.7171717171717173
1037,0.11259726451114008
1555,0.28742077639136465
1815,0.5227272727272728
1038,0.4723551302498671
1556,0.5252525252525254
1039,0.6758002914719334
1040,0.9156290629062909
1041,0.30518051805180524
1557,0.2817729534147445
1816,0.12059188374977847
1924,0.4870801033591732
1042,0.11541889483065955
1043,0.8270152505446624
1558,0.8510101010101011
1044,0.9803426421073481
1045,0.9952032284568172
1046,0.9213705684293921
1559,0.9116161616161619
1817,0.9685482273717569
1047,0.2037359238316176
1560,0.4692513368983957
1818,0.6388888888888891
1048,0.7596284482249395
1049,0.6408864767073723
1050,0.731998199819982
1051,0.4193294329432944
1561,0.4912558420021107
1819,0.5016687341248746
1925,0.8367982147051916
1052,0.70513963161022
1053,1.0
1054,0.842741136858784
1055,0.803332366729496
1056,0.9606852842146961
1057,0.7649581943840318
1562,0.764111705288176
1058,0.8944710260499735
1059,0.8154555505301775
1060,0.6724422442244226
1061,0.3565882707673753
1563,0.09714100064977253
1820,0.47542283298097254
1062,0.685482273717568
1063,0.8813131313131314
1064,0.8230837789661319
1065,0.8129259098158621
1066,0.749368686868687
1067,0.22771978154753278
1564,0.6265102000396119
1068,0.6775503573749189
1069,0.7107141062364943
1070,0.5533303330333035
1071,0.32167445600281425
1565,0.13643864386438648
1821,0.4054792107117689
1072,0.3906219053277877
1073,0.9621212121212123
1074,0.9410279263220439
1566,0.7525252525252527
1075,0.980812913827268
1076,0.9950856605268372
1567,0.9267676767676769
1077,0.5251196172248804
1568,0.9901713210536741
1822,0.9368686868686871
1078,0.876882863724969
1079,0.950123121764913
1080,0.99007400740074
1081,0.6259234132368462
1569,0.38955145514551465
1823,0.7085682405449849
1082,0.9410279263220439
1083,0.9842741136858785
1570,0.7853535353535354
1084,0.872227173697762
1571,0.9090909090909092
1824,0.7582144979203803
1085,0.7841452805567639
1086,0.9361135868488811
1572,0.7954545454545456
1087,0.822519452902228
1573,0.8230837789661319
1825,0.5277777777777779
1088,0.9413727922499853
1089,0.9052339313533344
1090,0.8560731073107312
1091,0.700738730589477
1574,0.4540704070407041
1826,0.8601127554615927
1092,0.5183947316300259
1093,0.9898989898989902
1094,0.9705139631610221
1095,0.9664225991977189
1096,0.945942265795207
1575,0.893939393939394
1097,0.9712193707409018
1576,0.842741136858784
1827,0.8055555555555557
1098,0.9765491168999941
1099,0.8802954922357908
1100,0.9305180518051808
1101,0.3715513342379015
1577,0.5979972997299731
1828,0.7668545924359879
1102,0.783769063180828
1103,0.9671717171717172
1104,0.9017132105367401
1105,0.9088613406795227
1106,0.9115418894830659
1578,0.9242424242424243
1107,0.8608936252476924
1579,0.916456228956229
1108,0.9355100714749838
1109,0.9351600582943869
1110,0.885851085108511
1111,0.8957770777077709
1580,0.9533709184871976
1112,0.842741136858784
1113,0.8030303030303031
1114,0.9901713210536741
1115,0.9856096853704509
1116,0.862398494751436
1581,0.8080808080808082
1117,0.45796481562031804
1582,0.85256981580511
1829,0.6641414141414141
1118,0.8241183767499558
1119,0.8204432383536863
1120,0.8262951295129514
1121,0.8902708678828083
1583,0.906741836974395
1830,0.6716876365999174
1122,0.85256981580511
1123,0.9974747474747475
1124,1.0
1584,0.984848484848485
1125,1.0
1585,0.9924242424242424
1126,1.0
1586,0.9724796989502874
1831,0.9722222222222224
1127,0.9280484268522547
1587,0.6510818974054269
1832,0.8997474747474749
1926,0.8914141414141415
1128,0.8299810975249572
1129,0.9201969948238606
1588,0.9417136481089972
1130,0.9602960296029603
1131,1.0
1589,0.9766854592435988
1833,0.8213321332133214
1132,0.9508566052683701
1133,0.9154040404040404
1590,0.9764111705288175
1134,0.8787878787878789
1591,0.744454347395524
1135,0.5778841041998938
1136,0.6068528421469598
1592,0.6717171717171717
1834,0.70513963161022
1137,0.7985120816003171
1593,0.6546324488908222
1835,0.787878787878788
1138,0.912059188374978
1139,0.8553570531182473
1140,0.8635176017601761
1141,0.7905171114126338
1594,0.6525902590259027
1836,0.8592947013999647
1142,0.5675381263616558
1143,0.8388096652802536
1595,0.6414141414141415
1144,0.783769063180828
1145,0.7601614228408488
1146,0.832912457912458
1147,0.6738195350635543
1596,0.7002252921370569
1148,0.7361775651249336
1149,0.8453816774712298
1150,0.8312581258125813
1151,0.7855294235891251
1597,0.6426642664266428
1837,0.8534319806249632
1152,0.6363388789859379
1153,0.537878787878788
1598,0.6461675579322639
1154,0.5085660526836998
1599,0.5202020202020203
1155,0.5826808757430768
1600,0.7601010101010102
1156,0.70513963161022
1601,0.7247474747474748
1157,0.6834130781499204
1602,0.5233090711031888
1838,0.686868686868687
1158,0.7479030066749366
1603,0.5505050505050505
1159,0.7605909844715816
1160,0.7220722072207222
1161,0.3433752731998346
1604,0.32666214382632297
1839,0.3845884588458846
1162,0.6265102000396119
1163,0.7575757575757577
1605,0.7483858189740543
1164,0.6559962368785899
1606,0.3863636363636364
1840,0.6304416716181422
1165,0.6978033927794695
1166,0.744454347395524
1607,0.3282828282828283
1841,0.35523866112101415
1167,0.5586970180271617
1608,0.5626237868884928
1842,0.5606060606060608
1168,0.5427077795498849
1169,0.5860219106487764
1170,0.607923292329233
1171,0.7506156088245641
1609,0.5880713071307131
1843,0.5919955367629788
1172,0.4790800158447218
1173,0.9095761536938008
1174,0.75428302634185
1175,0.5874776472862597
1176,0.714968310556546
1177,0.6450389058044562
1610,0.6609105763517529
1178,0.7654911689999411
1179,0.6957510427659683
1180,0.9057030703070308
1181,0.7456279210010555
1611,0.5831083108310832
1844,0.5803382663847781
1182,0.6559962368785899
1183,0.7365914042384633
1612,0.7777777777777779
1184,0.4987373737373738
1613,0.4924242424242425
1185,0.6018679619158089
1186,0.4839943553178848
1614,0.44318181818181823
1187,0.5682905611135277
1615,0.5724524658348188
1845,0.4393939393939394
1188,0.5251196172248804
1616,0.4217171717171717
1189,0.8653324287652646
1190,0.7965171517151717
1191,0.6857756671189508
1617,0.5483673367336734
1846,0.34284229858392545
1192,0.4201079421667658
1193,0.7752525252525253
1194,0.5577094474153299
1618,0.3156565656565657
1195,0.6162582765453579
1196,0.759197365815013
1197,0.462761587163501
1619,0.6707392552980789
1198,0.6071977080749011
1199,0.7157017940600031
1200,0.6575532553255327
1201,0.4663174028845671
1620,0.3151065106510651
1847,0.3588501291989664
1202,0.6068528421469598
1203,0.36310160427807486
1621,0.7904040404040406
1204,0.4102792632204397
1622,0.3434343434343435
1205,0.6066647334589919
1206,0.6215958605664489
1623,0.43560606060606066
1207,0.5922744188294429
1624,0.46433699742523277
1848,0.35101010101010105
1208,0.6658249158249159
1209,0.36656364641439276
1210,0.4491074107410742
1211,0.306711392532288
1625,0.3498474847484748
1849,0.18981970871505752
1212,0.3218211527035057
1213,0.7798375916022976
1626,0.5353535353535355
1214,0.6590909090909092
1627,0.6363388789859379
1215,0.6502818886539818
1628,0.630648591174907
1216,0.734625668449198
1629,0.5441919191919192
1217,0.5059325310521483
1630,0.4151936026936028
1850,0.36868686868686873
1218,0.7420402858999351
1219,0.6658249158249159
1220,0.7270352035203521
1221,0.4064651490024625
1631,0.47888538853885393
1851,0.4313160848248568
1222,0.5478807684690039
1223,0.6565656565656567
1632,0.6422360863537335
1224,0.6540404040404041
1633,0.8034264210734801
1225,0.6114615050021749
1226,0.6658249158249159
1634,0.8585858585858587
1227,0.7793485090135809
1635,0.685482273717568
1852,0.7702020202020203
1228,0.8006674936499499
1229,0.7306648575305292
1230,0.6774052405240525
1231,0.37268887707484205
1636,0.4214282124729887
1853,0.6327382738273828
1232,0.4987373737373738
1233,0.6343731431966727
1637,0.5151515151515151
1234,0.5970241632006339
1638,0.5176767676767677
1235,0.4459728867623605
1639,0.5555555555555556
1236,0.6314245395127749
1640,0.26262626262626265
1854,0.5046345811051693
1237,0.18454883765888552
1641,0.061361160625866516
1855,0.40151515151515155
1238,0.46649240947486564
1239,0.4114528368259712
1240,0.334958495849585
1241,0.3416252072968491
1642,0.22080958095809577
1856,0.6036528071411793
1242,0.1940483264012676
1243,0.5203604674192911
1643,0.6515151515151516
1244,0.34344424638542287
1644,0.21370568429391962
1245,0.5539002464839786
1246,0.9705139631610221
1645,0.5101010101010102
1247,0.976016142284085
1646,0.5429664289958408
1857,0.3472222222222222
1248,0.5602959418748893
1249,0.5710588471782502
1250,0.7121462146214622
1251,0.5959972862957937
1647,0.46895939593959396
1858,0.5686809960065775
1927,0.5155260741385145
1252,0.6166815210932859
1253,0.9292929292929294
1254,0.764111705288176
1648,0.744949494949495
1859,0.9331649831649832
1255,0.8273162244454111
1256,0.847655476331947
1649,0.5404040404040404
1860,0.8997474747474749
1257,0.6210550480885411
1650,0.710053971083383
1861,0.6994949494949496
1928,0.8191523073876016
1258,0.6540994742749129
1259,0.840393989647721
1260,0.8362211221122113
1261,0.576046535001759
1651,0.39947744774477456
1862,0.4637655626027719
1262,0.5871954842543079
1263,0.5707070707070708
1264,0.6068528421469598
1265,0.7457711082112997
1266,0.6019385026737969
1652,0.5000000000000001
1267,0.4819486733362332
1653,0.3955362448009507
1863,0.4974747474747475
1268,0.6247858703999056
1269,0.6009849741193026
1270,0.612886288628863
1271,0.31668676817930547
1654,0.3002175217521752
1864,0.4521082922245713
1272,0.4299366211130917
1273,0.6237373737373738
1655,0.8584670231729056
1274,0.70513963161022
1656,0.5656565656565657
1865,0.7719746484452368
1275,0.7505678797544828
1276,0.7690260447613391
1277,0.5970711903726259
1657,0.783769063180828
1278,0.7127266820249277
1279,0.6608372280014072
1280,0.6178492849284929
1281,0.5062189054726369
1658,0.4292554255425543
1866,0.6852536997885836
1282,0.4102792632204397
1283,0.9545454545454548
1284,0.882055852644088
1285,0.8896742545067905
1286,0.886970192117251
1659,0.888888888888889
1867,0.862398494751436
1287,0.6882098496931034
1660,0.75428302634185
1868,0.6767676767676769
1929,0.8230837789661319
1288,0.7889420520999469
1289,0.8354063018242124
1290,0.8014801480148016
1291,0.6972572257225723
1661,0.61096034976632
1869,0.7785118628141885
1292,0.734625668449198
1293,0.8434343434343435
1294,0.5871954842543079
1662,0.7272727272727274
1870,0.9056446821152704
1295,0.7026001643226525
1296,0.6461675579322639
1663,0.7146464646464648
1297,0.6258518196317241
1664,0.6559962368785899
1871,0.6616161616161617
1298,0.7185894027999292
1299,0.8004924870596514
1300,0.7369611961196121
1301,0.6153100775193799
1665,0.361575958590884
1872,0.7171092109210921
1302,0.675653594771242
1303,0.7196969696969698
1666,0.8545355515943752
1304,0.793597742127154
1667,0.7550505050505052
1873,0.7877005347593583
1305,0.7121937074090184
1306,0.8132551000198059
1307,0.6642259919771882
1668,0.788683402653991
1308,0.7948047728749483
1669,0.8737373737373739
1309,0.860344740941756
1670,0.7318827813013861
1310,0.7865911591159117
1311,0.7468871887188719
1671,0.5560957837077241
1874,0.7551973220577872
1312,0.872227173697762
1313,0.8383838383838385
1672,0.9292335115864528
1314,0.773940384234502
1315,0.2948745831520952
1673,0.5984848484848486
1316,0.4790800158447218
1674,0.36111111111111116
1875,0.530189146365617
1317,0.36682615629984056
1675,0.5282234105763518
1876,0.6489898989898991
1318,0.865157422174966
1319,0.6059726619428113
1320,0.6625162516251626
1321,0.3945144514451445
1676,0.14710538218000901
1877,0.5220519144937751
1322,0.5970241632006339
1323,0.9646464646464648
1324,0.9115418894830659
1325,0.8848774829636075
1326,0.882055852644088
1677,0.73989898989899
1327,0.7889420520999469
1678,0.6953109526638939
1878,0.830808080808081
1328,0.6365113119499085
1679,0.835858585858586
1329,0.7755540479421078
1680,0.9300563777307963
1330,0.7617761776177618
1331,0.8852831800592995
1681,0.8163691369136914
1879,0.8484554850833921
1332,0.8230837789661319
