position_id,sample_id,participant_id,object_name,object_id,duration,persentage_in_seq
1,1,1,Kettle,1,4.745,0.437488475
301,1,1,cup,2,5.737,0.528950765
2,2,1,medicine,3,4.304,0.302480849
302,2,1,Kettle,1,4.328,0.304167545
454,2,1,cup,2,4.928,0.34633495
3,3,1,milk,4,5.071,0.423182842
303,3,1,bowl,9,6.18,0.515730618
4,4,1,coffee,5,4.534,0.29285622
304,4,1,Kettle,1,5.073,0.327670844
455,4,1,cup,2,4.725,0.305193128
5,5,1,coffee,5,4.874,0.225815419
305,5,1,cup,2,3.299,0.1528447
456,5,1,milk,4,4.709,0.218170867
566,5,1,Kettle,1,7.839,0.363185693
6,6,1,yoghurt,6,5.833,0.4912
306,6,1,bowl,9,5.544,0.466863158
7,7,1,apple,7,7.139,1
8,8,1,banana,8,7.24,1
9,9,1,banana,8,4.637,0.227482339
307,9,1,apple,7,3.943,0.193436028
457,9,1,yoghurt,6,4.353,0.213549843
567,9,1,bowl,9,5.138,0.25206044
10,10,1,Alarm,10,6.216,1
11,11,2,Kettle,1,2.721,0.401505091
308,11,2,cup,2,3.948,0.582558654
12,12,2,medicine,3,2.249,0.238064994
309,12,2,Kettle,1,3.5,0.370487986
458,12,2,cup,2,3.488,0.369217741
13,13,2,milk,4,5.092,1
14,14,2,coffee,5,2.788,0.300528188
310,14,2,Kettle,1,2.925,0.315295893
459,14,2,cup,2,3.31,0.356796378
15,15,2,milk,4,2.832,0.217795893
311,15,2,Kettle,1,2.307,0.177420595
460,15,2,coffee,5,2.195,0.168807198
568,15,2,cup,2,4.928,0.378989464
16,16,2,yoghurt,6,5.446,1
17,17,2,apple,7,5.658,1
18,18,2,banana,8,4.657,1
19,19,2,banana,8,2.06,0.232453171
312,19,2,apple,7,1.313,0.148160686
461,19,2,yoghurt,6,1.394,0.157300835
569,19,2,bowl,9,3.182,0.35906116
20,20,2,Alarm,10,4.865,1
21,21,3,Kettle,1,2.012,0.300882309
313,21,3,cup,2,3.771,0.563930013
22,22,3,medicine,3,1.912,0.467710372
314,22,3,cup,2,1.912,0.467710372
23,23,3,milk,4,3.46,1
24,24,3,coffee,5,2.031,0.206612411
315,24,3,Kettle,1,2.389,0.243031536
462,24,3,cup,2,4.17,0.424211597
25,25,3,milk,4,0.741,0.074969648
316,25,3,coffee,5,2.711,0.274281667
463,25,3,Kettle,1,1.608,0.162687171
570,25,3,cup,2,3.576,0.361796843
26,26,3,yoghurt,6,2.448,1
27,27,3,apple,7,2.871,1
28,28,3,banana,8,3.656,1
29,29,3,yoghurt,6,2.48,0.238645112
317,29,3,bowl,9,2.312,0.22247883
464,29,3,apple,7,2.312,0.22247883
571,29,3,banana,8,1.844,0.177444188
30,30,3,Alarm,10,2.212,1
31,31,4,cup,2,2.084,0.317247678
318,31,4,Kettle,1,4.331,0.659308875
32,32,4,medicine,3,1.98,0.26128266
319,32,4,cup,2,1.961,0.258775402
465,32,4,Kettle,1,2.903,0.383082608
33,33,4,milk,4,4.131,1
34,34,4,coffee,5,2.477,0.396256599
320,34,4,cup,2,1.637,0.2618781
466,34,4,Kettle,1,1.736,0.277715566
35,35,4,milk,4,2.351,0.330986907
321,35,4,coffee,5,1.886,0.265521611
467,35,4,cup,2,2.401,0.338026186
36,36,4,yoghurt,6,2.436,1
37,37,4,apple,7,3.49,1
38,38,4,banana,8,3.524,1
39,39,4,yoghurt,6,1.103,0.12348858
322,39,4,apple,7,1.354,0.15158979
468,39,4,banana,8,1.273,0.142521272
572,39,4,cup,2,1.512,0.169278997
40,40,4,Alarm,10,3.21,1
41,41,5,cup,2,5.699,0.54671911
323,41,5,Kettle,1,4.459,0.427762855
42,42,5,medicine,3,4.088,0.25253274
324,42,5,cup,2,5.628,0.347664937
469,42,5,Kettle,1,5.263,0.325117371
43,43,5,milk,4,5.664,1
44,44,5,coffee,5,5.386,0.35471549
325,44,5,cup,2,4.506,0.296759747
470,44,5,Kettle,1,4.759,0.313422023
45,45,5,coffee,5,2.846,0.193394944
326,45,5,cup,2,3.522,0.23933134
471,45,5,Kettle,1,2.443,0.166009785
573,45,5,milk,4,5.296,0.359880402
46,46,5,yoghurt,6,5.464,1
47,47,5,apple,7,5.832,1
48,48,5,banana,8,5.396,1
49,49,5,banana,8,4.724,0.218178459
327,49,5,apple,7,5.596,0.258451875
472,49,5,yoghurt,6,4.56,0.210604101
574,49,5,bowl,9,4.256,0.196563828
50,50,5,Alarm,10,4.761,1
51,51,6,cup,2,3.013,0.507923129
328,51,6,Kettle,1,2.781,0.468813216
52,52,6,Kettle,1,2.078,0.346391065
329,52,6,cup,2,1.928,0.321386898
473,52,6,medicine,3,1.762,0.293715619
53,53,6,milk,4,2.813,1
54,54,6,coffee,5,1.644,0.31231003
330,54,6,cup,2,1.844,0.350303951
474,54,6,Kettle,1,1.475,0.280205167
55,55,6,coffee,5,1.408,0.248631467
331,55,6,milk,4,1.31,0.231326152
475,55,6,cup,2,1.283,0.226558361
575,55,6,Kettle,1,1.195,0.211018895
56,56,6,yoghurt,6,2.88,1
57,57,6,apple,7,2.369,1
58,58,6,banana,8,3.416,1
59,59,6,yoghurt,6,2.148,0.230472103
332,59,6,apple,7,2.14,0.229613734
476,59,6,banana,8,2.453,0.263197425
576,59,6,bowl,9,1.844,0.197854077
60,60,6,Alarm,10,2.751,1
61,61,7,cup,2,2.695,0.438068921
333,61,7,Kettle,1,3.196,0.519505852
62,62,7,cup,2,2.92,0.304579118
334,62,7,Kettle,1,2.839,0.296130176
477,62,7,medicine,3,3.398,0.354438302
63,63,7,milk,4,4.419,1
64,64,7,coffee,5,2.685,0.304249292
335,64,7,Kettle,1,2.181,0.24713881
478,64,7,cup,2,3.355,0.380169972
65,65,7,coffee,5,2.371,0.164996521
336,65,7,milk,4,3.447,0.239874739
479,65,7,Kettle,1,3.842,0.267362561
577,65,7,cup,2,3.995,0.278009743
66,66,7,yoghurt,6,4.895,1
67,67,7,apple,7,4.132,1
68,68,7,banana,8,4.575,1
69,69,7,banana,8,3.345,0.231792669
337,69,7,apple,7,2.927,0.202827247
480,69,7,yoghurt,6,3.558,0.24655256
578,69,7,bowl,9,3.456,0.239484443
70,70,7,Alarm,10,5.951,1
71,71,8,cup,2,3.454,0.388220749
338,71,8,Kettle,1,5.244,0.589412161
72,72,8,Kettle,1,2.449,0.193934115
339,72,8,medicine,3,3.998,0.316598036
481,72,8,cup,2,5.81,0.460088692
73,73,8,milk,4,6.526,1
74,74,8,cup,2,3.862,0.249499322
340,74,8,coffee,5,5.155,0.33303185
482,74,8,Kettle,1,5.708,0.368757672
75,75,8,coffee,5,4.996,0.280044843
341,75,8,milk,4,4.939,0.276849776
483,75,8,cup,2,3.718,0.208408072
579,75,8,Kettle,1,3.251,0.182230942
76,76,8,yoghurt,6,3.554,1
77,77,8,apple,7,4.584,1
78,78,8,banana,8,6.832,1
79,79,8,apple,7,2.576,0.162410945
342,79,8,yoghurt,6,3.969,0.250236429
484,79,8,bowl,9,3.756,0.236807263
580,79,8,banana,8,4.433,0.279490574
80,80,8,Alarm,10,3.723,1
81,81,9,Kettle,1,2.149,0.282465825
343,81,9,cup,2,5.196,0.6829653
82,82,9,medicine,3,3.82,0.228852145
344,82,9,cup,2,5.532,0.331416247
485,82,9,Kettle,1,6.704,0.401629523
83,83,9,milk,4,3.937,0.444708009
345,83,9,cup,2,4.624,0.522308822
84,84,9,cup,2,5.164,0.461236156
346,84,9,coffee,5,5.128,0.458020722
85,85,9,coffee,5,4.156,0.301684088
347,85,9,milk,4,3.652,0.265098722
486,85,9,cup,2,4.86,0.352787456
86,86,9,yoghurt,6,3.622,1
87,87,9,apple,7,3.084,1
88,88,9,banana,8,5.068,1
89,89,9,banana,8,4.592,0.31280654
348,89,9,apple,7,4.456,0.303542234
487,89,9,yoghurt,6,4.492,0.30599455
90,90,9,Alarm,10,5.764,1
91,91,10,Kettle,1,2.145,0.409820405
349,91,10,cup,2,2.721,0.51987008
92,92,10,cup,2,1.172,0.197406097
350,92,10,medicine,3,0.693,0.116725619
488,92,10,Kettle,1,2.212,0.372578743
93,93,10,cup,2,1.477,0.338761468
351,93,10,milk,4,2.214,0.507798165
94,94,10,coffee,5,0.785,0.155169006
352,94,10,cup,2,2.082,0.411543783
489,94,10,Kettle,1,1.844,0.364498913
95,95,10,coffee,5,2.215,0.212960292
353,95,10,milk,4,2.124,0.204211134
490,95,10,cup,2,2.648,0.254590905
581,95,10,Kettle,1,2.146,0.206326315
96,96,10,yoghurt,6,5.703,1
97,97,10,apple,7,4.272,1
98,98,10,banana,8,3.606,1
99,99,10,yoghurt,6,0.652,0.054175322
354,99,10,apple,7,2.649,0.220108018
491,99,10,banana,8,2.257,0.187536352
582,99,10,bowl,9,4.324,0.359285418
100,100,10,Alarm,10,4.488,1
101,101,11,cup,2,1.308,0.461701377
355,101,11,Kettle,1,1.156,0.408048006
102,102,11,Kettle,1,2.276,0.286649874
356,102,11,cup,2,1.976,0.248866499
492,102,11,medicine,3,1.808,0.227707809
103,103,11,milk,4,2.778,0.674271845
357,103,11,cup,2,1.006,0.244174757
104,104,11,Kettle,1,2.312,0.344868735
358,104,11,cup,2,1.408,0.210023866
493,104,11,coffee,5,2.28,0.340095465
105,105,11,milk,4,2.475,0.278340081
359,105,11,coffee,5,2.964,0.333333333
494,105,11,cup,2,2.33,0.262033288
106,106,11,yoghurt,6,3.25,1
107,107,11,apple,7,3.352,1
108,108,11,banana,8,2.984,1
109,109,11,yoghurt,6,1.441,0.234996738
360,109,11,apple,7,1.007,0.164220483
495,109,11,banana,8,0.773,0.126060013
583,109,11,bowl,9,1.875,0.305772994
110,110,11,Alarm,10,3.12,1
111,111,12,Kettle,1,1.34,0.291811847
361,111,12,cup,2,2.044,0.445121951
112,112,12,Kettle,1,0.671,0.119864237
362,112,12,medicine,3,1.912,0.341550554
496,112,12,cup,2,1.475,0.26348696
113,113,12,milk,4,3.924,1
114,114,12,coffee,5,1.776,0.392572944
363,114,12,Kettle,1,0.532,0.117595049
497,114,12,cup,2,1.742,0.385057471
115,115,12,coffee,5,1.976,0.329443148
364,115,12,milk,4,1.377,0.229576526
498,115,12,cup,2,2.077,0.346282094
116,116,12,yoghurt,6,4.461,1
117,117,12,apple,7,2.38,1
118,118,12,banana,8,2.949,1
119,119,12,banana,8,2.314,0.290047631
365,119,12,yoghurt,6,1.34,0.167961895
499,119,12,bowl,9,3.756,0.470794685
120,120,12,Alarm,10,2.981,1
121,121,13,Kettle,1,1.24,0.262267343
366,121,13,cup,2,2.884,0.60998308
122,122,13,medicine,3,2.88,0.464516129
367,122,13,cup,2,2.784,0.449032258
123,123,13,milk,4,2.416,1
124,124,13,coffee,5,3.05,1
125,125,13,milk,4,2.412,0.416149068
368,125,13,coffee,5,2.512,0.433402346
126,126,13,yoghurt,6,4.728,1
127,127,13,apple,7,3.152,1
128,128,13,banana,8,1.535,1
129,129,13,yoghurt,6,1.239,0.22965709
369,129,13,apple,7,1.976,0.36626506
500,129,13,banana,8,1.507,0.279332715
130,130,13,Alarm,10,3.216,1
131,131,14,cup,2,1.208,0.383248731
370,131,14,Kettle,1,1.753,0.556154822
132,132,14,medicine,3,1.208,0.305358948
371,132,14,Kettle,1,1.104,0.279069767
501,132,14,cup,2,1.24,0.313447927
133,133,14,milk,4,3.484,1
134,134,14,coffee,5,0.537,0.108969156
372,134,14,Kettle,1,1.108,0.224837662
502,134,14,cup,2,2.38,0.482954545
135,135,14,milk,4,1.644,0.367292225
373,135,14,coffee,5,0.668,0.149240393
503,135,14,Kettle,1,1.072,0.239499553
584,135,14,cup,2,0.94,0.210008937
136,136,14,yoghurt,6,2.112,1
137,137,14,apple,7,3.184,1
138,138,14,banana,8,2.012,1
139,139,14,yoghurt,6,1.14,0.20863836
374,139,14,apple,7,1.072,0.196193265
504,139,14,banana,8,1.172,0.214494876
585,139,14,bowl,9,1.072,0.196193265
140,140,14,Alarm,10,3.216,1
141,141,15,Kettle,1,3.924,0.322485207
375,141,15,cup,2,7.776,0.639053254
142,142,15,medicine,3,3.952,0.300030367
376,142,15,Kettle,1,4.124,0.313088369
505,142,15,cup,2,4.492,0.34102642
143,143,15,milk,4,5.864,0.622769754
377,143,15,cup,2,3.284,0.348768054
144,144,15,coffee,5,3.384,0.260227622
378,144,15,Kettle,1,3.82,0.293755767
506,144,15,cup,2,4.056,0.31190403
145,145,15,coffee,5,4.192,0.252165544
379,145,15,milk,4,3.116,0.187439846
507,145,15,Kettle,1,3.32,0.199711261
586,145,15,cup,2,4.746,0.285490857
146,146,15,yoghurt,6,7.272,1
147,147,15,apple,7,6.2,1
148,148,15,banana,8,6.872,1
149,149,15,apple,7,2.884,0.173109244
380,149,15,banana,8,4.256,0.255462185
508,149,15,yoghurt,6,4.136,0.248259304
587,149,15,bowl,9,4.438,0.266386555
150,150,15,Alarm,10,5.832,1
151,151,16,cup,2,1.072,0.437908497
381,151,16,Kettle,1,1.208,0.493464052
152,152,16,cup,2,0.504,0.117427773
382,152,16,Kettle,1,1.204,0.280521901
509,152,16,medicine,3,2.312,0.538676608
153,153,16,milk,4,2.716,1
154,154,16,coffee,5,1.908,0.256451613
383,154,16,cup,2,2.148,0.288709677
510,154,16,Kettle,1,2.244,0.301612903
155,155,16,milk,4,1.819,0.237219614
384,155,16,coffee,5,2.477,0.323030777
511,155,16,cup,2,2.337,0.304773083
156,156,16,yoghurt,6,3.756,1
157,157,16,apple,7,3.52,1
158,158,16,banana,8,3.952,1
159,159,16,banana,8,2.108,0.235583371
385,159,16,yoghurt,6,1.996,0.223066607
512,159,16,apple,7,3.352,0.374608851
160,160,16,Alarm,10,4.96,1
161,161,17,cup,2,1.204,0.466847615
386,161,17,Kettle,1,0.903,0.350135712
162,162,17,Kettle,1,1.378,0.193593706
387,162,17,cup,2,2.308,0.324248384
513,162,17,medicine,3,2.359,0.331413318
163,163,17,milk,4,2.312,1
164,164,17,coffee,5,1.744,0.246641211
388,164,17,cup,2,1.441,0.203790129
514,164,17,Kettle,1,2.979,0.421298261
165,165,17,milk,4,1.274,0.145649937
389,165,17,coffee,5,1.171,0.133874471
515,165,17,cup,2,2.179,0.249113982
588,165,17,Kettle,1,2.348,0.268434892
166,166,17,yoghurt,6,2.848,1
167,167,17,apple,7,1.476,1
168,168,17,banana,8,2.952,1
169,169,17,banana,8,1.912,0.189532117
390,169,17,yoghurt,6,1.912,0.189532117
516,169,17,apple,7,1.912,0.189532117
589,169,17,bowl,9,2.076,0.205789056
170,170,17,Alarm,10,3.252,1
171,171,18,cup,2,4.66,1
172,172,18,medicine,3,4.292,1
173,173,18,milk,4,4.392,1
174,174,18,coffee,5,2.716,1
175,175,18,milk,4,1.444,0.388172043
391,175,18,coffee,5,2.008,0.539784946
176,176,18,yoghurt,6,3.952,1
177,177,18,apple,7,3.352,1
178,178,18,banana,8,2.784,1
179,179,18,yoghurt,6,2.784,0.19868684
392,179,18,banana,8,2.748,0.196117613
517,179,18,apple,7,3.148,0.224664573
590,179,18,bowl,9,4.012,0.286326006
180,180,18,Alarm,10,2.848,1
181,181,19,cup,2,4.391,0.504017447
393,181,19,Kettle,1,4.089,0.469352617
182,182,19,cup,2,4.126,0.35361673
394,182,19,medicine,3,3.482,0.298423037
518,182,19,Kettle,1,3.519,0.301594104
183,183,19,milk,4,5.029,1
184,184,19,coffee,5,3.288,0.313381624
395,184,19,cup,2,3.856,0.367518109
519,184,19,Kettle,1,2.68,0.255432711
185,185,19,coffee,5,3.148,0.186008036
396,185,19,cup,2,4.492,0.265421886
520,185,19,milk,4,4.356,0.257385961
591,185,19,Kettle,1,3.62,0.213897424
186,186,19,yoghurt,6,4.124,1
187,187,19,apple,7,4.86,1
188,188,19,banana,8,4.76,1
189,189,19,banana,8,3.928,0.257202724
397,189,19,yoghurt,6,3.227,0.211301729
521,189,19,apple,7,3.387,0.221778418
592,189,19,bowl,9,2.915,0.190872184
190,190,19,Alarm,10,5.8,1
191,191,20,cup,2,1.708,0.286384977
398,191,20,Kettle,1,3.348,0.561368209
192,192,20,cup,2,2.948,0.329459097
399,192,20,medicine,3,1.776,0.198480107
522,192,20,Kettle,1,2.98,0.333035315
193,193,20,cup,2,1.64,0.394610202
400,193,20,milk,4,2.08,0.500481232
194,194,20,cup,2,2.597,0.275777849
401,194,20,coffee,5,2.938,0.311988956
523,194,20,Kettle,1,2.973,0.315705639
195,195,20,cup,2,2.312,0.174201326
402,195,20,coffee,5,2.952,0.222423146
524,195,20,milk,4,3.324,0.25045208
593,195,20,Kettle,1,4.324,0.325798674
196,196,20,yoghurt,6,3.116,1
197,197,20,apple,7,2.48,1
198,198,20,banana,8,2.58,1
199,199,20,yoghurt,6,1.572,0.145663454
403,199,20,apple,7,3.252,0.301334322
525,199,20,banana,8,2.68,0.248332098
594,199,20,bowl,9,2.148,0.199036323
200,200,20,Alarm,10,3.556,1
201,201,21,cup,2,2.112,0.263604593
404,201,21,Kettle,1,5.296,0.661008487
202,202,21,cup,2,2.68,0.222739362
405,202,21,medicine,3,4.056,0.337101064
526,202,21,Kettle,1,4.66,0.387300532
203,203,21,milk,4,2.244,1
204,204,21,coffee,5,3.62,0.31754386
406,204,21,cup,2,3.52,0.30877193
527,204,21,Kettle,1,3.756,0.329473684
205,205,21,coffee,5,2.58,0.202067669
407,205,21,cup,2,2.748,0.215225564
528,205,21,milk,4,3.384,0.265037594
595,205,21,Kettle,1,3.284,0.257205514
206,206,21,yoghurt,6,3.988,1
207,207,21,apple,7,5.028,1
208,208,21,banana,8,5.359,1
209,209,21,yoghurt,6,2.68,0.206535142
408,209,21,apple,7,3.148,0.242601726
529,209,21,banana,8,3.084,0.237669544
596,209,21,bowl,9,2.784,0.214549938
210,210,21,Alarm,10,5.732,1
211,211,22,cup,2,3.42,0.428786359
409,211,22,Kettle,1,4.156,0.52106319
212,212,22,cup,2,3.388,0.327153341
410,212,22,medicine,3,2.547,0.24594438
530,212,22,Kettle,1,3.249,0.31373117
213,213,22,milk,4,5.092,1
214,214,22,coffee,5,3.784,0.444967074
411,214,22,cup,2,1.829,0.215075259
531,214,22,Kettle,1,2.218,0.260818438
215,215,22,milk,4,2.916,0.253190935
412,215,22,coffee,5,2.603,0.226013719
532,215,22,cup,2,2.339,0.203091083
597,215,22,Kettle,1,2.318,0.201267691
216,216,22,yoghurt,6,5.264,1
217,217,22,apple,7,3.62,1
218,218,22,banana,8,4.692,1
219,219,22,yoghurt,6,3.419,0.229709755
413,219,22,apple,7,3.12,0.20962107
533,219,22,banana,8,3.016,0.202633701
598,219,22,bowl,9,4.224,0.283794679
220,220,22,Alarm,10,4.292,1
221,221,23,Kettle,1,1.608,0.3403895
414,221,23,cup,2,2.548,0.539373412
222,222,23,medicine,3,2.117,0.259882151
415,222,23,Kettle,1,2.536,0.311318438
534,222,23,cup,2,2.989,0.366928554
223,223,23,milk,4,3.016,1
224,224,23,coffee,5,3.352,0.316465257
416,224,23,Kettle,1,2.716,0.25641994
535,224,23,cup,2,3.552,0.335347432
225,225,23,milk,4,3.688,0.257685858
417,225,23,coffee,5,2.917,0.20381498
536,225,23,Kettle,1,2.444,0.170765791
599,225,23,cup,2,3.284,0.229457798
226,226,23,yoghurt,6,3.32,1
227,227,23,apple,7,3.752,1
228,228,23,banana,8,3.552,1
229,229,23,yoghurt,6,2.916,0.211120765
418,229,23,apple,7,3.82,0.276571098
537,229,23,banana,8,3.184,0.230524182
600,229,23,bowl,9,2.984,0.21604402
230,230,23,Alarm,10,2.008,1
231,231,24,Kettle,1,1.608,0.396351984
419,231,24,cup,2,2.213,0.545476953
232,232,24,medicine,3,2.113,0.285193683
420,232,24,cup,2,2.044,0.275880686
538,232,24,Kettle,1,2.717,0.366716156
233,233,24,milk,4,2.38,1
234,234,24,coffee,5,1.072,0.197349043
421,234,24,cup,2,1.545,0.284425626
539,234,24,Kettle,1,2.316,0.426362297
235,235,24,coffee,5,1.004,0.247534517
422,235,24,milk,4,1.076,0.265285996
540,235,24,cup,2,1.608,0.396449704
236,236,24,yoghurt,6,3.484,1
237,237,24,apple,7,2.479,1
238,238,24,banana,8,3.115,1
239,239,24,bowl,9,0.927,0.146746874
423,239,24,banana,8,1.502,0.237771094
541,239,24,apple,7,0.964,0.152604084
601,239,24,yoghurt,6,1.674,0.264999208
240,240,24,Alarm,10,2.748,1
241,241,25,cup,2,1.477,0.3199047
424,241,25,Kettle,1,2.841,0.615334633
242,242,25,medicine,3,1.76,0.325083118
425,242,25,Kettle,1,1.47,0.271518286
542,242,25,cup,2,1.343,0.248060584
243,243,25,milk,4,0.865,1
244,244,25,coffee,5,2.204,0.336129327
426,244,25,cup,2,1.607,0.245081592
543,244,25,Kettle,1,1.884,0.287326521
245,245,25,milk,4,2.815,0.373094765
427,245,25,coffee,5,1.977,0.262027833
544,245,25,cup,2,1.613,0.213783963
246,246,25,yoghurt,6,2.713,1
247,247,25,apple,7,3.116,1
248,248,25,banana,8,4.266,1
249,249,25,apple,7,2.48,0.200517464
428,249,25,banana,8,2.413,0.195100259
545,249,25,yoghurt,6,2.248,0.181759379
602,249,25,bowl,9,2.848,0.230271669
250,250,25,Alarm,10,3.007,1
251,251,26,Kettle,1,1.04,0.322981366
429,251,26,cup,2,2.012,0.62484472
252,252,26,medicine,3,1.477,0.28624031
430,252,26,Kettle,1,1.738,0.336821705
546,252,26,cup,2,1.744,0.337984496
253,253,26,milk,4,4.776,1
254,254,26,Kettle,1,1.708,0.282641072
431,254,26,coffee,5,1.7,0.281317227
547,254,26,cup,2,2.158,0.357107397
255,255,26,milk,4,2.248,0.28909465
432,255,26,coffee,5,1.643,0.211291152
548,255,26,cup,2,1.545,0.198688272
603,255,26,Kettle,1,1.776,0.228395062
256,256,26,yoghurt,6,3.81,1
257,257,26,apple,7,4.374,1
258,258,26,banana,8,3.553,1
259,259,26,yoghurt,6,1.636,0.183675761
433,259,26,apple,7,2.112,0.237116874
549,259,26,banana,8,1.34,0.150443471
604,259,26,bowl,9,3.183,0.35735938
260,260,26,Alarm,10,4.056,1
261,261,27,Kettle,1,3.12,0.422993492
434,261,27,cup,2,3.855,0.522640998
262,262,27,medicine,3,3.184,0.29136164
435,262,27,Kettle,1,3.185,0.291453148
550,262,27,cup,2,3.352,0.306734993
263,263,27,milk,4,6.549,1
264,264,27,coffee,5,2.456,0.330418404
436,264,27,cup,2,2.303,0.309834522
551,264,27,Kettle,1,2.244,0.301896946
265,265,27,coffee,5,2.038,0.23670151
437,265,27,milk,4,1.951,0.22659698
552,265,27,cup,2,1.777,0.206387921
605,265,27,Kettle,1,1.762,0.204645761
266,266,27,yoghurt,6,2.309,1
267,267,27,apple,7,3.448,1
268,268,27,banana,8,2.88,1
269,269,27,apple,7,1.692,0.185934066
438,269,27,banana,8,1.895,0.208241758
553,269,27,yoghurt,6,1.908,0.20967033
606,269,27,bowl,9,2.301,0.252857143
270,270,27,Alarm,10,3.32,1
271,271,28,cup,2,2.6,0.356018075
439,271,28,Kettle,1,4.414,0.604409147
272,272,28,medicine,3,2.606,0.324371421
440,272,28,Kettle,1,2.027,0.252302713
554,272,28,cup,2,2.522,0.313915858
273,273,28,milk,4,5.298,1
274,274,28,coffee,5,2.159,0.30352875
441,274,28,cup,2,1.943,0.273161816
555,274,28,Kettle,1,2.489,0.349922677
275,275,28,milk,4,3.203,0.289497469
442,275,28,coffee,5,2.676,0.24186551
556,275,28,cup,2,2.502,0.226138829
607,275,28,Kettle,1,1.77,0.159978308
276,276,28,yoghurt,6,3.672,1
277,277,28,apple,7,2.334,1
278,278,28,banana,8,3.478,1
279,279,28,yoghurt,6,2.412,0.228582259
443,279,28,apple,7,2.332,0.221000758
557,279,28,banana,8,2.111,0.200056861
608,279,28,bowl,9,1.884,0.178544352
280,280,28,Alarm,10,4.261,1
281,281,29,cup,2,3.451,0.53896611
444,281,29,Kettle,1,2.431,0.379665782
282,282,29,medicine,3,4.292,0.340526817
445,282,29,cup,2,3.988,0.31640749
558,282,29,Kettle,1,3.452,0.273881308
283,283,29,milk,4,3.438,1
284,284,29,coffee,5,2.47,0.276410027
446,284,29,cup,2,2.392,0.267681289
559,284,29,Kettle,1,3.098,0.346687556
285,285,29,milk,4,2.659,0.239700712
447,285,29,coffee,5,2.316,0.208780312
560,285,29,cup,2,1.888,0.170197422
609,285,29,Kettle,1,2.861,0.257910394
286,286,29,yoghurt,6,3.342,1
287,287,29,apple,7,2.997,1.006718173
288,288,29,banana,8,3.516,1
289,289,29,yoghurt,6,2.676,0.220846744
448,289,29,apple,7,3.206,0.264586944
561,289,29,banana,8,2.445,0.201782619
610,289,29,bowl,9,2.748,0.226788809
290,290,29,Alarm,10,5.368,1
291,291,30,cup,2,2.993,0.502096964
449,291,30,Kettle,1,2.787,0.467539004
292,292,30,medicine,3,2.37,0.332305104
450,292,30,cup,2,1.813,0.254206394
562,292,30,Kettle,1,2.395,0.335810432
293,293,30,milk,4,3.489,1
294,294,30,coffee,5,1.915,0.255469584
451,294,30,cup,2,2.279,0.304028815
563,294,30,Kettle,1,2.39,0.318836713
295,295,30,milk,4,2.471,0.254584793
452,295,30,coffee,5,2.349,0.242015248
564,295,30,cup,2,1.998,0.20585205
611,295,30,Kettle,1,1.913,0.197094581
296,296,30,yoghurt,6,3.056,1
297,297,30,apple,7,1.908,1
298,298,30,banana,8,5.025,1
299,299,30,yoghurt,6,2.326,0.23487832
453,299,30,apple,7,2.267,0.228920529
565,299,30,banana,8,1.979,0.199838433
612,299,30,bowl,9,2.218,0.223972534
300,300,30,Alarm,10,2.76,1
613,301,31,cup,2,1.573,0.304137664
1333,301,31,Kettle,1,3.414,0.660092807
614,302,31,Kettle,1,0.856,0.121729238
1334,302,31,medicine,3,2.789,0.396615472
1682,302,31,cup,2,1.202,0.170932878
615,303,31,milk,4,2.994,1
616,304,31,cup,2,1.118,0.230753354
1335,304,31,coffee,5,1.695,0.349845201
1683,304,31,Kettle,1,1.554,0.320743034
617,305,31,cup,2,3.847,0.421727691
1336,305,31,coffee,5,1.717,0.188226266
1684,305,31,milk,4,2.931,0.321311116
618,306,31,yoghurt,6,2.4,1
619,307,31,apple,7,3.036,1
620,308,31,banana,8,2.826,1
621,309,31,apple,7,1.05,0.150775416
1337,309,31,banana,8,1.297,0.186243538
1685,309,31,yoghurt,6,4.216,0.605399196
622,310,31,Alarm,10,2.52,1
623,311,32,Kettle,1,3.205,0.42699174
1338,311,32,cup,2,3.353,0.446709299
624,312,32,medicine,3,2.868,0.283763728
1339,312,32,Kettle,1,2.712,0.268328881
1686,312,32,cup,2,3.982,0.393984367
625,313,32,milk,4,3.36,1
626,314,32,coffee,5,3.636,0.346022078
1340,314,32,Kettle,1,2.209,0.210220784
1687,314,32,cup,2,3.017,0.287114579
627,315,32,milk,4,2.495,0.231812692
1341,315,32,coffee,5,1.818,0.168912013
1688,315,32,Kettle,1,1.938,0.180061321
1880,315,32,cup,2,2.566,0.238409365
628,316,32,yoghurt,6,4.149,1
629,317,32,apple,7,4.185,1
630,318,32,banana,8,4.398,1
631,319,32,yoghurt,6,3.12,0.262184874
1342,319,32,apple,7,2.18,0.183193277
1689,319,32,banana,8,2.223,0.186806723
1881,319,32,bowl,9,2.816,0.236638655
632,320,32,Alarm,10,3.406,1
633,321,33,cup,2,2.522,0.422374812
1343,321,33,Kettle,1,2.781,0.46575113
634,322,33,medicine,3,2.382,0.293385885
1344,322,33,Kettle,1,2.176,0.268013302
1690,322,33,cup,2,2.789,0.343515211
635,323,33,milk,4,4.008,1
636,324,33,coffee,5,3.285,0.337372907
1345,324,33,Kettle,1,2.5,0.256752593
1691,324,33,cup,2,2.33,0.239293417
637,325,33,milk,4,3.032,0.255261829
1346,325,33,coffee,5,2.096,0.176460684
1692,325,33,cup,2,2.614,0.220070719
1882,325,33,Kettle,1,2.616,0.220239097
638,326,33,yoghurt,6,3.4,1
639,327,33,apple,7,4.188,1
640,328,33,banana,8,3.859,1
641,329,33,yoghurt,6,2.846,0.276176613
1347,329,33,apple,7,2.634,0.255604076
1693,329,33,banana,8,3.147,0.305385735
642,330,33,Alarm,10,3.666,1
643,331,34,Kettle,1,2.999,0.509773925
1348,331,34,cup,2,1.89,0.321264661
644,332,34,medicine,3,2.939,0.361589567
1349,332,34,Kettle,1,2.044,0.251476378
1694,332,34,cup,2,1.977,0.243233268
645,333,34,milk,4,4.404,1
646,334,34,coffee,5,3.169,0.378840406
1350,334,34,cup,2,2.312,0.276389719
1695,334,34,Kettle,1,2.248,0.268738793
647,335,34,milk,4,2.461,0.228696218
1351,335,34,coffee,5,2.244,0.208530806
1696,335,34,cup,2,2.48,0.230461853
1883,335,34,Kettle,1,2.5,0.232320416
648,336,34,yoghurt,6,3.677,1
649,337,34,apple,7,3.265,1
650,338,34,banana,8,3.317,1
651,339,34,yoghurt,6,2.969,0.270721255
1352,339,34,apple,7,2.4,0.218838333
1697,339,34,banana,8,2.107,0.19212182
1884,339,34,bowl,9,2.563,0.233701103
652,340,34,Alarm,10,2.57,1
653,341,35,bowl,9,2.067,0.413482697
1353,341,35,Kettle,1,2.472,0.4944989
654,342,35,medicine,3,1.559,0.222428306
1354,342,35,cup,2,1.849,0.263803681
1698,342,35,Kettle,1,2.415,0.344556998
655,343,35,milk,4,3.968,1
656,344,35,coffee,5,2.014,0.235307863
1355,344,35,cup,2,1.975,0.230751256
1699,344,35,Kettle,1,3.786,0.442341395
657,345,35,coffee,5,1.778,0.161299102
1356,345,35,cup,2,1.955,0.177356437
1700,345,35,milk,4,2.53,0.229520094
1885,345,35,Kettle,1,2.806,0.25455865
658,346,35,yoghurt,6,4.45,1
659,347,35,apple,7,2.298,0.383383383
1357,347,35,Kettle,1,3.344,0.557891225
660,348,35,banana,8,4.133,1
661,349,35,banana,8,2.367,0.212534794
1358,349,35,apple,7,2.534,0.227529855
1701,349,35,bowl,9,1.671,0.150040406
1886,349,35,yoghurt,6,2.702,0.242614708
662,350,35,Alarm,10,3.952,1
663,351,36,Kettle,1,2.782,0.420495768
1359,351,36,cup,2,3.834,0.579504232
664,352,36,medicine,3,2.945,0.421436749
1360,352,36,cup,2,3.797,0.543360046
665,353,36,milk,4,4.158,1
666,354,36,coffee,5,2.253,0.381347326
1361,354,36,cup,2,3.496,0.591740014
667,355,36,milk,4,3.116,0.326111983
1362,355,36,coffee,5,2.583,0.27032967
1702,355,36,cup,2,3.323,0.347776033
668,356,36,yoghurt,6,3.916,1
669,357,36,apple,7,3.358,1
670,358,36,banana,8,3.31,1
671,359,36,banana,8,1.856,0.258820248
1363,359,36,apple,7,2.183,0.304420583
1703,359,36,yoghurt,6,2.575,0.359085204
672,360,36,Alarm,10,3.405,1
673,361,37,Kettle,1,2.106,0.485365292
1364,361,37,cup,2,2.233,0.514634708
674,362,37,medicine,3,1.473,0.228336692
1365,362,37,Kettle,1,1.57,0.24337312
1704,362,37,cup,2,2.589,0.401333127
675,363,37,milk,4,2.409,1
676,364,37,coffee,5,2.041,0.274882155
1366,364,37,Kettle,1,2.399,0.323097643
1705,364,37,cup,2,2.69,0.362289562
677,365,37,milk,4,3.11,0.32565445
1367,365,37,coffee,5,2.58,0.270157068
1706,365,37,cup,2,3.32,0.347643979
678,366,37,yoghurt,6,2.769,1
679,367,37,apple,7,2.358,1
680,368,37,banana,8,2.54,1
681,369,37,banana,8,1.766,0.243418332
1368,369,37,apple,7,1.625,0.22398346
1707,369,37,bowl,9,3.554,0.489869056
682,370,37,Alarm,10,2.866,1
683,371,38,Kettle,1,2.488,0.371676128
1369,371,38,cup,2,4.206,0.628323872
684,372,38,Kettle,1,2.428,0.305909034
1370,372,38,cup,2,1.829,0.230439713
1708,372,38,medicine,3,2.731,0.344084667
685,373,38,milk,4,2.2,1
686,374,38,Kettle,1,2.32,0.308060019
1371,374,38,cup,2,2.035,0.270216439
1709,374,38,coffee,5,2.746,0.364626212
687,375,38,milk,4,2.045,0.384832518
1372,375,38,coffee,5,3.269,0.615167482
688,376,38,yoghurt,6,4.165,1
689,377,38,apple,7,3.641,1
690,378,38,banana,8,5.558,1
691,379,38,banana,8,3.375,0.475821232
1373,379,38,apple,7,3.718,0.524178768
692,380,38,Alarm,10,3.933,1
693,381,39,cup,2,1.85,0.43366151
1374,381,39,Kettle,1,2.416,0.56633849
694,382,39,medicine,3,2.108,0.311511748
1375,382,39,cup,2,1.711,0.252844687
1710,382,39,Kettle,1,2.71,0.400472883
695,383,39,milk,4,2.588,0.861231281
696,384,39,coffee,5,3.166,0.508594378
1376,384,39,cup,2,2.818,0.452690763
697,385,39,coffee,5,3.319,0.320893358
1377,385,39,milk,4,1.958,0.189306778
1711,385,39,cup,2,1.412,0.136517451
1887,385,39,Kettle,1,2.431,0.23503819
698,386,39,yoghurt,6,2.716,1
699,387,39,apple,7,2.083,1
700,388,39,banana,8,3.665,1
701,389,39,apple,7,2.175,0.232272533
1378,389,39,banana,8,1.779,0.189982913
1712,389,39,yoghurt,6,2.02,0.215719778
1888,389,39,bowl,9,2.128,0.227253311
702,390,39,Alarm,10,5.576,1
703,391,40,Kettle,1,2.264,0.442273882
1379,391,40,cup,2,2.855,0.557726118
704,392,40,Kettle,1,2.394,0.331670823
1380,392,40,cup,2,1.81,0.250761984
1713,392,40,medicine,3,2.305,0.319340538
705,393,40,milk,4,2.85,1
706,394,40,Kettle,1,2.268,0.311966988
1381,394,40,cup,2,1.571,0.216093535
1714,394,40,coffee,5,2.462,0.338651994
707,395,40,Kettle,1,2,0.219322294
1382,395,40,cup,2,1.4,0.153525606
1715,395,40,milk,4,1.668,0.182914793
1889,395,40,coffee,5,2.701,0.296194758
708,396,40,yoghurt,6,3.11,1
709,397,40,apple,7,3.086,1
710,398,40,banana,8,2.964,1
711,399,40,apple,7,1.736,0.239911553
1383,399,40,banana,8,1.629,0.225124378
1716,399,40,bowl,9,2.458,0.339690437
712,400,40,Alarm,10,5.89,1
713,401,41,Kettle,1,2.487,0.473714286
1384,401,41,cup,2,2.429,0.462666667
714,402,41,medicine,3,1.756,0.236053233
1385,402,41,Kettle,1,2.322,0.312138728
1717,402,41,cup,2,2.301,0.309315768
715,403,41,milk,4,2.99,1
716,404,41,coffee,5,1.802,0.276465173
1386,404,41,Kettle,1,1.474,0.226142989
1718,404,41,cup,2,2.564,0.3933722
717,405,41,milk,4,2.333,0.207322492
1387,405,41,coffee,5,2.334,0.207411357
1719,405,41,Kettle,1,1.356,0.1205012
1890,405,41,cup,2,2.455,0.218164045
718,406,41,yoghurt,6,2.974,1
719,407,41,apple,7,2.908,1
720,408,41,banana,8,2.416,0.821489289
721,409,41,banana,8,1.697,0.268046122
1388,409,41,apple,7,1.47,0.232190807
1720,409,41,bowl,9,2.24,0.353814563
722,410,41,Alarm,10,2.651,1
723,411,42,cup,2,2.09,0.444208289
1389,411,42,Kettle,1,1.997,0.424442083
724,412,42,medicine,3,2.674,0.348403909
1390,412,42,cup,2,1.881,0.245081433
1721,412,42,Kettle,1,2.204,0.287166124
725,413,42,milk,4,3.643,0.905318091
726,414,42,coffee,5,2.683,0.376561404
1391,414,42,cup,2,2.09,0.293333333
1722,414,42,Kettle,1,1.97,0.276491228
727,415,42,milk,4,2.967,0.304307692
1392,415,42,coffee,5,1.737,0.178153846
1723,415,42,cup,2,1.127,0.115589744
1891,415,42,Kettle,1,2.044,0.209641026
728,416,42,yoghurt,6,3.266,1
729,417,42,apple,7,2.93,1
730,418,42,banana,8,3.416,1
731,419,42,apple,7,3.106,0.264430444
1393,419,42,banana,8,2.438,0.20756002
1724,419,42,bowl,9,1.67,0.14217606
1892,419,42,yoghurt,6,1.972,0.16788694
732,420,42,Alarm,10,3.105,0.946646341
733,421,43,Kettle,1,2.502,0.398471094
1394,421,43,cup,2,2.48,0.394967351
734,422,43,medicine,3,2.487,0.312594268
1395,422,43,Kettle,1,2.108,0.264957265
1725,422,43,cup,2,1.989,0.25
735,423,43,milk,4,2.9,1
736,424,43,coffee,5,1.8,0.276923077
1396,424,43,Kettle,1,1.47,0.226153846
1726,424,43,cup,2,2.56,0.393846154
737,425,43,milk,4,2.831,0.242754245
1397,425,43,coffee,5,2.24,0.192076831
1727,425,43,Kettle,1,1.791,0.153575716
1893,425,43,cup,2,2.248,0.192762819
738,426,43,yoghurt,6,2.882,0.441888991
1398,426,43,cup,2,3.215,0.492946949
739,427,43,apple,7,2.556,1
740,428,43,banana,8,3.474,1
741,429,43,bowl,9,3.213,0.239454464
1399,429,43,apple,7,2.887,0.215158742
1728,429,43,banana,8,2.469,0.184006558
1894,429,43,yoghurt,6,3.242,0.24161574
742,430,43,Alarm,10,3.206,1
743,431,44,cup,2,3.261,0.512172138
1400,431,44,Kettle,1,2.555,0.401287891
744,432,44,medicine,3,2.932,0.824753868
745,433,44,milk,4,3.64,0.905472637
746,434,44,coffee,5,2.966,1
747,435,44,milk,4,1.664,0.355555556
1401,435,44,coffee,5,2.575,0.550213675
748,436,44,yoghurt,6,2.826,0.824387398
749,437,44,apple,7,2.843,0.879641089
750,438,44,banana,8,2.147,0.729032258
751,439,44,apple,7,1.98,0.252229299
1402,439,44,banana,8,1.713,0.218216561
1729,439,44,yoghurt,6,2.821,0.359363057
752,440,44,Alarm,10,2.701,1
753,441,45,Kettle,1,2.337,0.399487179
1403,441,45,cup,2,2.687,0.459316239
754,442,45,Kettle,1,2.231,0.350786164
1404,442,45,cup,2,1.505,0.23663522
1730,442,45,medicine,3,1.977,0.310849057
755,443,45,milk,4,2.899,1
756,444,45,Kettle,1,2.102,0.294686668
1405,444,45,cup,2,1.073,0.15042759
1731,444,45,coffee,5,2.609,0.365764755
757,445,45,Kettle,1,2.743,0.266932659
1406,445,45,cup,2,1.226,0.119307123
1732,445,45,coffee,5,1.229,0.119599066
1895,445,45,milk,4,2.423,0.235792137
758,446,45,yoghurt,6,3.02,1
759,447,45,apple,7,3.029,1
760,448,45,banana,8,2.894,0.852430044
761,449,45,bowl,9,2.308,0.22471035
1407,449,45,apple,7,1.983,0.193067861
1733,449,45,banana,8,1.467,0.142829325
1896,449,45,yoghurt,6,2.014,0.196086068
762,450,45,Alarm,10,2.44,1
763,451,46,Kettle,1,2.045,0.438464837
1408,451,46,cup,2,2.134,0.45754717
764,452,46,Kettle,1,2.944,0.362160167
1409,452,46,cup,2,1.529,0.188092016
1734,452,46,medicine,3,2.441,0.300282938
765,453,46,milk,4,2.807,1
766,454,46,Kettle,1,2.482,0.375605327
1410,454,46,cup,2,1.468,0.222154964
1735,454,46,coffee,5,1.509,0.228359564
767,455,46,Kettle,1,2.542,0.285907097
1411,455,46,milk,4,1.609,0.18096952
1736,455,46,cup,2,1.217,0.136879991
1897,455,46,coffee,5,2.143,0.241030255
768,456,46,yoghurt,6,2.215,0.808394161
769,457,46,apple,7,2.41,1
770,458,46,banana,8,2.378,1
771,459,46,bowl,9,2.012,0.245515558
1412,459,46,banana,8,1.916,0.233801098
1737,459,46,apple,7,1.233,0.150457596
1898,459,46,yoghurt,6,1.765,0.215375229
772,460,46,Alarm,10,2.438,0.915508825
773,461,47,Kettle,1,3.042,1
774,462,47,medicine,3,3.203,1
775,463,47,milk,4,3.505,1
776,464,47,coffee,5,2.272,0.717398169
777,465,47,milk,4,2.131,0.397500466
1413,465,47,coffee,5,2.911,0.54299571
778,466,47,yoghurt,6,2.475,0.686356073
779,467,47,apple,7,1.757,0.633153153
780,468,47,banana,8,3.308,0.895991333
781,469,47,apple,7,2.82,0.350746269
1414,469,47,bowl,9,0.97,0.120646766
1738,469,47,banana,8,2.26,0.281094527
782,470,47,Alarm,10,2.026,0.699585635
783,471,48,Kettle,1,2.742,0.454726368
1415,471,48,cup,2,2.842,0.471310116
784,472,48,medicine,3,3.183,0.534598589
1416,472,48,cup,2,2.355,0.395532415
785,473,48,milk,4,2.561,0.437777778
1417,473,48,cup,2,2.69,0.45982906
786,474,48,coffee,5,1.99,0.367497692
1418,474,48,cup,2,2.461,0.454478301
787,475,48,milk,4,2.873,0.355525306
1419,475,48,coffee,5,1.15,0.14230912
1739,475,48,cup,2,2.486,0.307635194
788,476,48,yoghurt,6,3.24,0.835913313
789,477,48,apple,7,3.974,1
790,478,48,banana,8,4.189,1
791,479,48,apple,7,2.824,0.351200099
1420,479,48,bowl,9,0.979,0.121751026
1740,479,48,banana,8,2.264,0.28155702
792,480,48,Alarm,10,3.99,1
793,481,49,cup,2,2.045,0.439218213
1421,481,49,Kettle,1,1.993,0.428049828
794,482,49,medicine,3,1.469,0.230576048
1422,482,49,cup,2,1.499,0.235284885
1741,482,49,Kettle,1,2.114,0.331816041
795,483,49,milk,4,2.677,1
796,484,49,coffee,5,1.773,0.287824675
1423,484,49,cup,2,1.386,0.225
1742,484,49,Kettle,1,2.192,0.355844156
797,485,49,milk,4,1.95,0.263870095
1424,485,49,coffee,5,0.991,0.134100135
1743,485,49,Kettle,1,0.43,0.058186739
1899,485,49,cup,2,1.738,0.235182679
798,486,49,yoghurt,6,2.61,1
799,487,49,apple,7,2.493,1
800,488,49,banana,8,2.205,1
801,489,49,apple,7,1.663,0.221438083
1425,489,49,banana,8,1.557,0.207323569
1744,489,49,bowl,9,1.206,0.160585885
1900,489,49,yoghurt,6,1.625,0.216378162
802,490,49,Alarm,10,2.25,1
803,491,50,cup,2,1.693,0.386000912
1426,491,50,Kettle,1,2.419,0.551527588
804,492,50,medicine,3,1.547,0.241003272
1427,492,50,Kettle,1,1.105,0.172145194
1745,492,50,cup,2,2.187,0.340707275
805,493,50,milk,4,1.768,0.355949265
1428,493,50,cup,2,2.054,0.413529293
806,494,50,coffee,5,3.878,0.461008084
1429,494,50,cup,2,1.386,0.164764622
1746,494,50,Kettle,1,2.498,0.296956728
807,495,50,milk,4,1.903,0.265745008
1430,495,50,coffee,5,1.51,0.210864404
1747,495,50,cup,2,2.74,0.382628125
808,496,50,yoghurt,6,2.24,1
809,497,50,apple,7,2.653,1
810,498,50,banana,8,2.691,1
811,499,50,apple,7,2.241,0.255997258
1431,499,50,banana,8,1.289,0.147246973
1748,499,50,yoghurt,6,1.136,0.129769248
1901,499,50,bowl,9,2.08,0.237605666
812,500,50,Alarm,10,2.85,1
813,501,51,Kettle,1,1.993,0.397011952
1432,501,51,cup,2,2.644,0.526693227
814,502,51,medicine,3,1.871,0.279295417
1433,502,51,Kettle,1,1.505,0.224660397
1749,502,51,cup,2,1.089,0.162561576
815,503,51,milk,4,1.825,0.369433198
1434,503,51,cup,2,2.694,0.54534413
816,504,51,coffee,5,1.99,0.390502355
1435,504,51,cup,2,2.342,0.459576138
817,505,51,milk,4,2.288,0.32449298
1436,505,51,cup,2,1.52,0.215572259
1750,505,51,coffee,5,2.474,0.350872217
818,506,51,yoghurt,6,2.634,0.493535694
1437,506,51,cup,2,1.246,0.233464493
819,507,51,apple,7,2.84,1
820,508,51,banana,8,3.078,1
821,509,51,apple,7,2.032,0.324031255
1438,509,51,banana,8,1.322,0.210811673
1751,509,51,bowl,9,2.451,0.390846755
822,510,51,Alarm,10,3.45,1
823,511,52,cup,2,2,0.497082585
1439,511,52,Kettle,1,1.967,0.441427289
824,512,52,medicine,3,1.695,0.292291774
1440,512,52,cup,2,0.602,0.103811002
1752,512,52,Kettle,1,2.003,0.34540438
825,513,52,milk,4,3.01,1
826,514,52,coffee,5,1.696,0.253247723
1441,514,52,cup,2,1.229,0.183515007
1753,514,52,Kettle,1,3.002,0.448260415
827,515,52,coffee,5,1.959,0.215511551
1442,515,52,milk,4,1.971,0.216831683
1754,515,52,cup,2,1.508,0.16589659
1902,515,52,Kettle,1,2.765,0.304180418
828,516,52,yoghurt,6,3.733,1
829,517,52,apple,7,2.024,0.523809524
1443,517,52,banana,8,1.245,0.322204969
830,518,52,banana,8,3.724,1
831,519,52,apple,7,1.796,0.248787921
1444,519,52,banana,8,2.054,0.284526943
1755,519,52,yoghurt,6,2,0.34450755
832,520,52,Alarm,10,3.038,1
833,521,53,Kettle,1,2.174,0.420584252
1445,521,53,cup,2,2.753,0.532598181
834,522,53,Kettle,1,2.65,0.337880913
1446,522,53,medicine,3,1.692,0.215733775
1756,522,53,cup,2,2.824,0.360066301
835,523,53,milk,4,3.725,1
836,524,53,coffee,5,2.359,0.33011475
1447,524,53,Kettle,1,1.948,0.272600056
1757,524,53,cup,2,2.201,0.308004478
837,525,53,coffee,5,2.399,0.238564041
1448,525,53,milk,4,2.343,0.232995227
1758,525,53,Kettle,1,1.965,0.195405728
1903,525,53,cup,2,2.738,0.272275259
838,526,53,yoghurt,6,3.082,1
839,527,53,apple,7,3.032,1
840,528,53,banana,8,2.318,0.876701967
841,529,53,banana,8,2.435,0.340464206
1449,529,53,apple,7,1.893,0.264681208
1759,529,53,yoghurt,6,2.261,0.316135347
842,530,53,Alarm,10,2.846,1
843,531,54,cup,2,1.35,0.37323749
1450,531,54,Kettle,1,1.946,0.538014929
844,532,54,medicine,3,1.963,0.321856042
1451,532,54,cup,2,1.579,0.258894901
1760,532,54,Kettle,1,1.623,0.266109198
845,533,54,milk,4,2.827,1
846,534,54,coffee,5,1.824,0.296151973
1452,534,54,cup,2,2.05,0.332846241
1761,534,54,Kettle,1,2.285,0.371001786
847,535,54,coffee,5,1.29,0.184919725
1453,535,54,milk,4,1.58,0.226490826
1762,535,54,cup,2,1.4,0.200688073
1904,535,54,Kettle,1,1.954,0.280103211
848,536,54,yoghurt,6,3.216,1
849,537,54,apple,7,3.158,1
850,538,54,banana,8,2.792,1
851,539,54,banana,8,2.467,0.27772149
1454,539,54,apple,7,1.784,0.200833052
1763,539,54,yoghurt,6,1.507,0.169649893
1905,539,54,bowl,9,2.205,0.24822695
852,540,54,Alarm,10,2.673,1
853,541,55,Kettle,1,2.689,0.459893963
1455,541,55,cup,2,2.781,0.475628527
854,542,55,cup,2,2.228,0.397715102
1456,542,55,medicine,3,2.795,0.498928954
855,543,55,milk,4,2.654,1
856,544,55,coffee,5,3.027,0.38379612
1457,544,55,cup,2,1.86,0.235831114
1764,544,55,Kettle,1,2.664,0.337771016
857,545,55,milk,4,2.718,0.326368876
1458,545,55,coffee,5,2.487,0.298631124
1765,545,55,cup,2,2.341,0.281099904
858,546,55,yoghurt,6,2.499,0.800192123
859,547,55,apple,7,3.252,0.888039323
860,548,55,banana,8,3.171,0.831628639
861,549,55,yoghurt,6,3.694,0.362050377
1459,549,55,cup,2,1.367,0.133980202
1766,549,55,banana,8,1.914,0.187591885
1906,549,55,apple,7,2.332,0.228560227
862,550,55,Alarm,10,3.61,1
863,551,56,Kettle,1,2.077,0.427630224
1460,551,56,cup,2,2.78,0.572369776
864,552,56,medicine,3,1.42,0.233245729
1461,552,56,Kettle,1,1.044,0.171484888
1767,552,56,cup,2,2.604,0.427726675
865,553,56,milk,4,3.293,1
866,554,56,coffee,5,1.624,0.342833017
1462,554,56,cup,2,2.817,0.594680177
867,555,56,milk,4,2.684,0.332137112
1463,555,56,coffee,5,2.193,0.271377305
1768,555,56,cup,2,2.462,0.304665264
868,556,56,yoghurt,6,3.275,1
869,557,56,apple,7,3.645,1
870,558,56,banana,8,3.132,1
871,559,56,yoghurt,6,3.69,0.361764706
1464,559,56,cup,2,1.36,0.133333333
1769,559,56,banana,8,1.91,0.187254902
1907,559,56,apple,7,2.332,0.228627451
872,560,56,Alarm,10,3.237,1
873,561,57,Kettle,1,6.357,0.640374736
1465,561,57,cup,2,3.349,0.337362748
874,562,57,medicine,3,3.155,0.527945114
1466,562,57,cup,2,2.502,0.418674699
875,563,57,milk,4,3.209,1
876,564,57,coffee,5,3.225,0.40668348
1467,564,57,bowl,9,1.762,0.222194199
1770,564,57,cup,2,1.425,0.179697352
877,565,57,milk,4,2.794,0.37726168
1468,565,57,coffee,5,1.677,0.226438023
1771,565,57,cup,2,1.264,0.170672428
878,566,57,milk,4,2.182,0.37014419
1469,566,57,yoghurt,6,2.139,0.362849873
879,567,57,apple,7,3.915,1
880,568,57,banana,8,3.344,0.832876712
881,569,57,apple,7,2.247,0.323076923
1470,569,57,yoghurt,6,1.316,0.189216391
1772,569,57,banana,8,2.181,0.313587347
882,570,57,Alarm,10,3.781,1
883,571,58,cup,2,2.006,0.351929825
1471,571,58,Kettle,1,3.694,0.648070175
884,572,58,medicine,3,3.006,0.405394471
1472,572,58,cup,2,1.486,0.200404585
1773,572,58,Kettle,1,2.174,0.293189481
885,573,58,milk,4,3.518,1
886,574,58,coffee,5,2.947,0.33078909
1473,574,58,cup,2,1.648,0.184981479
1774,574,58,Kettle,1,2.751,0.308788865
887,575,58,milk,4,1.809,0.291868345
1474,575,58,coffee,5,1.414,0.228138109
1775,575,58,cup,2,2.131,0.343820587
888,576,58,yoghurt,6,2.38,1
889,577,58,apple,7,3.645,1
890,578,58,banana,8,3.844,1
891,579,58,apple,7,2.757,0.33337364
1475,579,58,banana,8,2.204,0.266505441
1776,579,58,bowl,9,2.346,0.283675937
892,580,58,Alarm,10,3.371,1
893,581,59,bowl,9,2.243,0.425052113
1476,581,59,Kettle,1,2.135,0.404585939
894,582,59,medicine,3,2.723,0.363940123
1477,582,59,cup,2,1.51,0.201817696
1777,582,59,Kettle,1,2.382,0.318364074
895,583,59,milk,4,3.099,0.471259124
1478,583,59,cup,2,3.122,0.474756691
896,584,59,coffee,5,2.623,0.347095408
1479,584,59,cup,2,1.668,0.220722509
1778,584,59,Kettle,1,1.625,0.21503242
897,585,59,milk,4,2.875,0.270308387
1480,585,59,coffee,5,2.765,0.259966153
1779,585,59,cup,2,1.408,0.132380594
1908,585,59,Kettle,1,2.294,0.215682587
898,586,59,yoghurt,6,3.433,0.80266542
899,587,59,apple,7,3.409,1
900,588,59,banana,8,3.248,1
901,589,59,bowl,9,2.909,0.257775809
1481,589,59,apple,7,1.627,0.144173682
1780,589,59,banana,8,1.822,0.161453257
1909,589,59,yoghurt,6,2.972,0.26335844
902,590,59,Alarm,10,3.111,1
903,591,60,Kettle,1,2.391,0.450112952
1482,591,60,cup,2,2.921,0.549887048
904,592,60,Kettle,1,2.941,0.387024609
1483,592,60,cup,2,1.501,0.19752599
1781,592,60,medicine,3,2.422,0.318726148
905,593,60,Kettle,1,2.614,0.465041808
1484,593,60,milk,4,3.007,0.534958192
906,594,60,Kettle,1,2.409,0.314285714
1485,594,60,cup,2,1.035,0.135029354
1782,594,60,coffee,5,2.814,0.367123288
907,595,60,Kettle,1,2.627,0.259687624
1486,595,60,cup,2,2.063,0.203934361
1783,595,60,milk,4,1.713,0.169335706
1910,595,60,coffee,5,2.449,0.242091736
908,596,60,Kettle,1,2.842,0.51494836
1487,596,60,yoghurt,6,2.677,0.48505164
909,597,60,apple,7,3.312,1
910,598,60,banana,8,3.468,1
911,599,60,bowl,9,2.569,0.216209392
1488,599,60,apple,7,1.945,0.163692981
1784,599,60,banana,8,2.512,0.21141222
1911,599,60,yoghurt,6,2.916,0.24541323
912,600,60,Alarm,10,3.618,1
913,601,61,Kettle,1,2.485,0.440134609
1489,601,61,cup,2,2.373,0.420297556
914,602,61,medicine,3,2.576,0.307729065
1490,602,61,Kettle,1,1.555,0.185760363
1785,602,61,cup,2,1.668,0.199259348
915,603,61,milk,4,2.745,1
916,604,61,coffee,5,4.557,0.548111619
1491,604,61,cup,2,3.382,0.406783738
917,605,61,coffee,5,2.499,0.252602851
1492,605,61,milk,4,2.563,0.259072071
1786,605,61,cup,2,3.862,0.390377034
918,606,61,yoghurt,6,4.619,1
919,607,61,apple,7,4.081,1
920,608,61,banana,8,3.011,0.741808327
921,609,61,banana,8,2.795,0.227958568
1493,609,61,apple,7,2.099,0.171193214
1787,609,61,yoghurt,6,1.704,0.138977245
1912,609,61,bowl,9,2.98,0.24304706
922,610,61,Alarm,10,5.287,1
923,611,62,cup,2,5.102,0.461803041
1494,611,62,Kettle,1,5.668,0.513034033
924,612,62,medicine,3,5.699,1
925,613,62,milk,4,5.044,0.49817284
1495,613,62,cup,2,5.081,0.50182716
926,614,62,coffee,5,5.399,0.52529675
1496,614,62,cup,2,4.879,0.47470325
927,615,62,coffee,5,5.349,0.340418762
1497,615,62,milk,4,4.909,0.31241647
1788,615,62,cup,2,5.455,0.347164768
928,616,62,yoghurt,6,5.997,0.567306783
1498,616,62,cup,2,4.574,0.432693217
929,617,62,apple,7,6.279,1
930,618,62,banana,8,6.886,1
931,619,62,apple,7,5.124,0.235542889
1499,619,62,banana,8,5.439,0.250022984
1789,619,62,cup,2,5.026,0.23103797
1913,619,62,yoghurt,6,5.5,0.252827066
932,620,62,Alarm,10,5.327,1
933,621,63,Kettle,1,5.438,0.517658258
1500,621,63,cup,2,4.847,0.461399334
934,622,63,medicine,3,6.744,0.5781893
1501,622,63,cup,2,4.571,0.391889575
935,623,63,milk,4,6.217,1
936,624,63,coffee,5,6.592,0.583931261
1502,624,63,cup,2,4.378,0.387811144
937,625,63,milk,4,6.047,0.366996419
1503,625,63,coffee,5,5.103,0.309704436
1790,625,63,cup,2,4.746,0.288037871
938,626,63,yoghurt,6,5.972,1
939,627,63,apple,7,5.912,1
940,628,63,banana,8,6.194,1
941,629,63,apple,7,5.15,0.344044358
1504,629,63,banana,8,4.181,0.279310575
1791,629,63,bowl,9,4.256,0.28432093
942,630,63,Alarm,10,6.583,1
943,631,64,cup,2,7.254,1
944,632,64,medicine,3,4.977,0.486843392
1505,632,64,cup,2,4.695,0.459258535
945,633,64,milk,4,6.454,1
946,634,64,coffee,5,5.017,0.336214985
1506,634,64,cup,2,4.811,0.322409865
1792,634,64,Kettle,1,4.35,0.291515883
947,635,64,milk,4,5.757,0.291080999
1507,635,64,coffee,5,4.786,0.241986045
1793,635,64,cup,2,4.163,0.210486399
1914,635,64,Kettle,1,3.906,0.197492163
948,636,64,yoghurt,6,6.959,1
949,637,64,apple,7,6.39,1
950,638,64,banana,8,7.234,1
951,639,64,apple,7,5.373,0.243012212
1508,639,64,banana,8,5.552,0.251108096
1794,639,64,yoghurt,6,4.555,0.206015378
1915,639,64,bowl,9,4.053,0.183310719
952,640,64,Alarm,10,5.773,1
953,641,65,Kettle,1,4.889,0.526378122
1509,641,65,cup,2,3.951,0.425387597
954,642,65,medicine,3,5.124,0.496752302
1510,642,65,cup,2,4.391,0.425690742
955,643,65,milk,4,5.883,1
956,644,65,coffee,5,5.478,0.546215974
1511,644,65,cup,2,4.302,0.428956028
957,645,65,milk,4,5.706,0.381417112
1512,645,65,coffee,5,4.084,0.272994652
1795,645,65,cup,2,3.835,0.256350267
958,646,65,yoghurt,6,5.943,1
959,647,65,apple,7,5.203,1
960,648,65,banana,8,5.691,1
961,649,65,apple,7,5.259,0.333312207
1513,649,65,banana,8,5.484,0.347572569
1796,649,65,bowl,9,3.904,0.247433135
962,650,65,Alarm,10,6.402,1
963,651,66,cup,2,5.673,0.54637388
1514,651,66,Kettle,1,4.391,0.422902822
964,652,66,cup,2,5.266,0.425020178
1515,652,66,medicine,3,6.546,0.528329298
965,653,66,cup,2,4.849,0.472842516
1516,653,66,milk,4,4.612,0.449731838
966,654,66,cup,2,5.079,0.409993542
1517,654,66,coffee,5,6.86,0.553761705
967,655,66,milk,4,6.599,0.311479279
1518,655,66,coffee,5,4.74,0.223732654
1797,655,66,bowl,9,4.257,0.200934579
1916,655,66,cup,2,4.624,0.21825734
968,656,66,cup,2,5.094,0.456901964
1519,656,66,yoghurt,6,5.597,0.502018118
969,657,66,apple,7,5.526,1
970,658,66,banana,8,6.141,1
971,659,66,apple,7,6.022,0.374665588
1520,659,66,yoghurt,6,4.273,0.265849561
1798,659,66,bowl,9,4.606,0.286567536
972,660,66,Alarm,10,6.744,1
973,661,67,cup,2,3.129,0.452232982
1521,661,67,Kettle,1,3.527,0.509755745
974,662,67,medicine,3,3.867,0.519199785
1522,662,67,Kettle,1,3.31,0.444414608
975,663,67,milk,4,3.577,0.451071879
1523,663,67,cup,2,3.884,0.489785624
976,664,67,cup,2,3.58,0.418322038
1524,664,67,coffee,5,4.373,0.510983875
977,665,67,cup,2,3.54,0.300764656
1525,665,67,milk,4,3.621,0.307646559
1799,665,67,coffee,5,3.919,0.332965166
978,666,67,yoghurt,6,2.785,0.43576905
1526,666,67,cup,2,3.193,0.499608825
979,667,67,apple,7,6.085,1
980,668,67,banana,8,7.037,1
981,669,67,cup,2,5.868,0.266206959
1527,669,67,banana,8,5.213,0.23649231
1800,669,67,apple,7,4.108,0.186363018
1917,669,67,milk,4,5.086,0.230730844
982,670,67,Alarm,10,3.473,1
983,671,68,cup,2,8.825,1
984,672,68,medicine,3,5.502,0.468973747
1528,672,68,Kettle,1,5.942,0.506478009
985,673,68,milk,4,4.255,0.447423764
1529,673,68,cup,2,4.726,0.496950578
986,674,68,coffee,5,5.02,0.355021216
1530,674,68,cup,2,3.8,0.26874116
1801,674,68,Kettle,1,3.79,0.268033946
987,675,68,cup,2,5.41,0.314919378
1531,675,68,milk,4,5.235,0.304732522
1802,675,68,coffee,5,5.787,0.336864777
988,676,68,yoghurt,6,5.192,0.54918553
1532,676,68,cup,2,3.278,0.346731542
989,677,68,apple,7,5.977,0.999164159
990,678,68,banana,8,5.609,1
991,679,68,cup,2,4.063,0.200721273
1533,679,68,banana,8,5.359,0.264746567
1803,679,68,apple,7,4.208,0.207884596
1918,679,68,milk,4,4.049,0.200029641
992,680,68,Alarm,10,5.37,1
993,681,69,cup,2,7.157,1
994,682,69,medicine,3,6.89,1
995,683,69,milk,4,6.793,1
996,684,69,coffee,5,6.9,1
997,685,69,milk,4,7.416,0.555672111
1534,685,69,coffee,5,5.475,0.410235276
998,686,69,yoghurt,6,7.26,1
999,687,69,apple,7,5.938,1
1000,688,69,banana,8,7.116,1
1001,689,69,cup,2,5.656,0.30348232
1535,689,69,banana,8,6.112,0.327949777
1804,689,69,yoghurt,6,4.795,0.257283898
1002,690,69,Alarm,10,6.161,1
1003,691,70,cup,2,7.157,0.52111548
1536,691,70,Kettle,1,6.13,0.446337556
1004,692,70,medicine,3,6.984,0.36182779
1537,692,70,cup,2,6.622,0.343073257
1805,692,70,Kettle,1,4.595,0.238058232
1005,693,70,milk,4,6.23,0.547547899
1538,693,70,cup,2,4.816,0.423272983
1006,694,70,coffee,5,5.029,0.355456602
1539,694,70,cup,2,3.82,0.270002827
1806,694,70,Kettle,1,3.799,0.268518519
1007,695,70,milk,4,4.647,0.253754164
1540,695,70,coffee,5,4.606,0.251515317
1807,695,70,cup,2,3.392,0.185223612
1919,695,70,Kettle,1,4.194,0.229017638
1008,696,70,yoghurt,6,5.465,1
1009,697,70,apple,7,5.331,1
1010,698,70,banana,8,5.324,1
1011,699,70,yoghurt,6,4.794,0.268421053
1541,699,70,apple,7,2.656,0.148712206
1808,699,70,banana,8,3.808,0.213213886
1920,699,70,cup,2,3.409,0.19087346
1012,700,70,Alarm,10,4.996,1
1013,701,71,cup,2,3.786,0.515242243
1542,701,71,Kettle,1,2.864,0.389765923
1014,702,71,medicine,3,4.057,0.498770593
1543,702,71,cup,2,3.432,0.421932628
1015,703,71,milk,4,4.428,0.508614748
1544,703,71,cup,2,3.823,0.439122444
1016,704,71,coffee,5,4.035,0.363349842
1545,704,71,cup,2,2.8,0.252138676
1809,704,71,Kettle,1,2.231,0.200900495
1017,705,71,milk,4,4.283,0.359372378
1546,705,71,coffee,5,3.369,0.282681658
1810,705,71,cup,2,2.88,0.241651284
1018,706,71,yoghurt,6,4.179,1
1019,707,71,apple,7,4.337,1
1020,708,71,banana,8,4.469,1
1021,709,71,yoghurt,6,3.194,0.233906994
1547,709,71,apple,7,2.331,0.170706701
1811,709,71,banana,8,2.815,0.206151593
1921,709,71,cup,2,2.552,0.186891249
1022,710,71,Alarm,10,3.847,1
1023,711,72,cup,2,6.114,0.528526971
1548,711,72,Kettle,1,4.472,0.386583679
1024,712,72,medicine,3,5.761,1
1025,713,72,milk,4,5.149,1
1026,714,72,coffee,5,5.107,0.344183852
1549,714,72,Kettle,1,1.982,0.133575954
1812,714,72,cup,2,4.509,0.303881925
1027,715,72,milk,4,4.534,0.233663162
1550,715,72,coffee,5,4.428,0.228200371
1813,715,72,cup,2,4.265,0.219800041
1922,715,72,Kettle,1,4.194,0.216141002
1028,716,72,yoghurt,6,5.431,1
1029,717,72,apple,7,4.852,1
1030,718,72,banana,8,5.275,1
1031,719,72,apple,7,4.415,0.240154482
1551,719,72,banana,8,3.687,0.20055483
1814,719,72,yoghurt,6,3.857,0.209802002
1923,719,72,bowl,9,4.311,0.234497389
1032,720,72,Alarm,10,4.88,1
1033,721,73,cup,2,3.514,1
1034,722,73,medicine,3,2.547,0.382088209
1552,722,73,cup,2,3.758,0.563756376
1035,723,73,milk,4,2.842,0.426790809
1553,723,73,cup,2,3.378,0.507283376
1036,724,73,coffee,5,2.176,0.342353682
1554,724,73,cup,2,3.873,0.6093455
1037,725,73,milk,4,2.064,0.261829253
1555,725,73,coffee,5,2.294,0.291005962
1815,725,73,cup,2,3.089,0.391855892
1038,726,73,yoghurt,6,3.247,0.469355305
1556,726,73,cup,2,3.096,0.447528187
1039,727,73,apple,7,3.941,1
1040,728,73,banana,8,5.531,1
1041,729,73,banana,8,2.745,0.218568357
1557,729,73,apple,7,2.615,0.208217215
1816,729,73,yoghurt,6,1.982,0.157815113
1924,729,73,bowl,9,2.976,0.236961542
1042,730,73,Alarm,10,2.708,1
1043,731,74,Kettle,1,4.035,0.430767588
1558,731,74,cup,2,4.727,0.504643963
1044,732,74,medicine,3,7.913,1
1045,733,74,milk,4,7.806,1
1046,734,74,coffee,5,5.307,0.306108323
1559,734,74,cup,2,5.117,0.295149103
1817,734,74,Kettle,1,5.732,0.330622368
1047,735,74,milk,4,2.422,0.247648262
1560,735,74,coffee,5,2.838,0.290184049
1818,735,74,cup,2,3.566,0.364621677
1048,736,74,yoghurt,6,4.406,1
1049,737,74,apple,7,3.712,1
1050,738,74,banana,8,4.313,1
1051,739,74,banana,8,3.083,0.19957276
1561,739,74,apple,7,3.178,0.205722424
1819,739,74,yoghurt,6,3.321,0.214979285
1925,739,74,bowl,9,4.265,0.276087519
1052,740,74,Alarm,10,4.51,1
1053,741,75,cup,2,10.854,1
1054,742,75,medicine,3,5.374,1
1055,743,75,milk,4,4.87,1
1056,744,75,coffee,5,5.536,1
1057,745,75,milk,4,4.61,0.489488214
1562,745,75,coffee,5,4.353,0.462200042
1058,746,75,yoghurt,6,5.318,1
1059,747,75,apple,7,4.645,1
1060,748,75,banana,8,4.01,1
1061,749,75,apple,7,2.844,0.312836872
1563,749,75,yoghurt,6,1.775,0.195248048
1820,749,75,bowl,9,2.933,0.322626774
1062,750,75,Alarm,10,4.456,1
1063,751,76,cup,2,4.921,1
1064,752,76,medicine,3,5.111,1
1065,753,76,milk,4,4.918,1
1066,754,76,coffee,5,4.28,1
1067,755,76,milk,4,2.491,0.399454779
1564,755,76,coffee,5,3.467,0.555965362
1068,756,76,yoghurt,6,4.077,1
1069,757,76,apple,7,4.085,1
1070,758,76,banana,8,3.545,1
1071,759,76,apple,7,2.801,0.320810904
1565,759,76,banana,8,1.998,0.228839766
1821,759,76,bowl,9,2.821,0.323101592
1072,760,76,Alarm,10,3.52,1
1073,761,77,cup,2,5.962,1
1074,762,77,medicine,3,6.879,0.586795189
1566,762,77,cup,2,4.067,0.346924849
1075,763,77,milk,4,7.166,1
1076,764,77,coffee,5,7.556,0.557679534
1567,764,77,cup,2,5.346,0.394567865
1077,765,77,milk,4,3.537,0.207387863
1568,765,77,coffee,5,6.996,0.410202287
1822,765,77,cup,2,5.531,0.324303723
1078,766,77,yoghurt,6,5.157,1
1079,767,77,apple,7,5.837,1
1080,768,77,banana,8,7.163,1
1081,769,77,apple,7,3.644,0.308004395
1569,769,77,banana,8,3.001,0.25365565
1823,769,77,bowl,9,3.98,0.336404361
1082,770,77,Alarm,10,5.953,1
1083,771,78,Kettle,1,6.114,0.559736336
1570,771,78,cup,2,4.309,0.394488694
1084,772,78,medicine,3,5.705,0.36526026
1571,772,78,cup,2,5.115,0.327485755
1824,772,78,Kettle,1,3.519,0.225302516
1085,773,78,milk,4,4.681,1
1086,774,78,coffee,5,5.389,0.52158343
1572,774,78,cup,2,4.38,0.423925668
1087,775,78,milk,4,4.961,0.354559748
1573,775,78,coffee,5,4.767,0.340694683
1825,775,78,cup,2,3.097,0.221340766
1088,776,78,yoghurt,6,5.566,1
1089,777,78,apple,7,5.267,1
1090,778,78,banana,8,5.248,1
1091,779,78,apple,7,4.021,0.332974495
1574,779,78,banana,8,3.154,0.261179198
1826,779,78,bowl,9,4.275,0.35400795
1092,780,78,Alarm,10,3.862,1
1093,781,79,cup,2,7.841,1
1094,782,79,medicine,3,7.215,1
1095,783,79,milk,4,6.915,0.994820889
1096,784,79,coffee,5,5.464,0.495196665
1575,784,79,cup,2,5.015,0.45450426
1097,785,79,milk,4,6.967,0.404799256
1576,785,79,coffee,5,4.917,0.285689385
1827,785,79,cup,2,4.45,0.258555575
1098,786,79,yoghurt,6,5.995,1
1099,787,79,apple,7,5.155,1
1100,788,79,banana,8,5.576,1
1101,789,79,apple,7,2.858,0.225181217
1577,789,79,banana,8,3.698,0.291364639
1828,789,79,bowl,9,4.137,0.325953356
1102,790,79,Alarm,10,5.309,1
1103,791,80,cup,2,5.987,1
1104,792,80,medicine,3,5.846,1
1105,793,80,milk,4,5.793,1
1106,794,80,coffee,5,5.169,0.466979854
1578,794,80,cup,2,5.328,0.481344295
1107,795,80,milk,4,5.14,0.471256991
1579,795,80,coffee,5,5.174,0.474374255
1108,796,80,yoghurt,6,5.54,1
1109,797,80,apple,7,5.655,1
1110,798,80,banana,8,5.385,1
1111,799,80,banana,8,5.436,0.485010707
1580,799,80,bowl,9,4.977,0.444057816
1112,800,80,Alarm,10,5.68,1
1113,801,81,cup,2,4.435,1
1114,802,81,medicine,3,8.649,1
1115,803,81,milk,4,7.412,1
1116,804,81,coffee,5,5.015,0.500948956
1581,804,81,cup,2,4.474,0.446908401
1117,805,81,milk,4,3.35,0.258647313
1582,805,81,coffee,5,4.991,0.385345893
1829,805,81,cup,2,3.706,0.286133416
1118,806,81,yoghurt,6,4.652,1
1119,807,81,apple,7,4.726,1
1120,808,81,banana,8,4.837,1
1121,809,81,apple,7,5.198,0.335701369
1583,809,81,bowl,9,4.457,0.287845518
1830,809,81,yoghurt,6,4.075,0.26317489
1122,810,81,Alarm,10,5.691,1
1123,811,82,cup,2,9.803,1
1124,812,82,medicine,3,10.349,0.564809256
1584,812,82,cup,2,7.533,0.411122633
1125,813,82,milk,4,8.01,0.473880376
1585,813,82,cup,2,8.402,0.497071526
1126,814,82,coffee,5,8.581,0.390524735
1586,814,82,Kettle,1,5.735,0.261002139
1831,814,82,cup,2,6.482,0.294998407
1127,815,82,milk,4,6.177,0.287048655
1587,815,82,coffee,5,3.692,0.171569311
1832,815,82,Kettle,1,4.528,0.2104187
1926,815,82,cup,2,4.957,0.23035457
1128,816,82,yoghurt,6,4.658,1
1129,817,82,apple,7,5.513,0.517847079
1588,817,82,bowl,9,4.661,0.43781702
1130,818,82,banana,8,6.504,1
1131,819,82,apple,7,8.952,0.448744298
1589,819,82,bowl,9,5.15,0.258158304
1833,819,82,banana,8,4.786,0.239911775
1132,820,82,Alarm,10,6.127,1
1133,821,83,cup,2,5.164,0.453938115
1590,821,83,Kettle,1,5.864,0.515471167
1134,822,83,cup,2,4.914,0.513855485
1591,822,83,medicine,3,4.42,0.462198055
1135,823,83,milk,4,3.76,1
1136,824,83,coffee,5,3.366,0.304725693
1592,824,83,cup,2,3.762,0.340575774
1834,824,83,Kettle,1,3.231,0.292504074
1137,825,83,coffee,5,4.538,0.340281944
1593,825,83,milk,4,3.988,0.299040192
1835,825,83,cup,2,4.311,0.323260348
1138,826,83,yoghurt,6,5.455,1
1139,827,83,apple,7,5.073,1
1140,828,83,banana,8,5.275,1
1141,829,83,apple,7,4.408,0.312159196
1594,829,83,banana,8,3.93,0.278308902
1836,829,83,yoghurt,6,4.823,0.341548049
1142,830,83,Alarm,10,4.038,1
1143,831,84,Kettle,1,4.15,0.483852163
1595,831,84,cup,2,3.572,0.416462633
1144,832,84,medicine,3,4.768,1
1145,833,84,milk,4,4.543,1
1146,834,84,coffee,5,4.84,1
1147,835,84,milk,4,4.09,0.481176471
1596,835,84,coffee,5,4.02,0.472941176
1148,836,84,yoghurt,6,4.274,1
1149,837,84,apple,7,5.027,1
1150,838,84,banana,8,4.917,1
1151,839,84,apple,7,4.4,0.311614731
1597,839,84,banana,8,3.9,0.276203966
1837,839,84,yoghurt,6,4.82,0.341359773
1152,840,84,Alarm,10,4.259,1
1153,841,85,cup,2,3.185,0.477225052
1598,841,85,Kettle,1,2.912,0.436320048
1154,842,85,medicine,3,3.097,0.459631938
1599,842,85,cup,2,3.081,0.457257346
1155,843,85,milk,4,3.78,0.459798078
1600,843,85,cup,2,4.094,0.497992945
1156,844,85,coffee,5,4.026,0.482675938
1601,844,85,cup,2,3.909,0.468648843
1157,845,85,milk,4,4.135,0.337633706
1602,845,85,coffee,5,2.997,0.244712991
1838,845,85,cup,2,3.809,0.311014942
1158,846,85,yoghurt,6,4.352,0.500172394
1603,846,85,cup,2,3.229,0.371106769
1159,847,85,apple,7,4.261,1
1160,848,85,banana,8,4.286,1
1161,849,85,yoghurt,6,2.858,0.278476079
1604,849,85,apple,7,2.806,0.273409335
1839,849,85,banana,8,2.985,0.290850628
1162,850,85,Alarm,10,4.163,1
1163,851,86,cup,2,4.079,0.524765213
1605,851,86,Kettle,1,3.48,0.447703589
1164,852,86,medicine,3,3.991,0.392351553
1606,852,86,cup,2,2.551,0.250786473
1840,852,86,Kettle,1,2.871,0.282245379
1165,853,86,milk,4,4.159,1
1166,854,86,coffee,5,4.247,0.446254072
1607,854,86,cup,2,2.348,0.246716402
1841,854,86,Kettle,1,2.288,0.240411895
1167,855,86,milk,4,3.658,0.322518074
1608,855,86,coffee,5,3.215,0.283459707
1842,855,86,cup,2,3.28,0.289190619
1168,856,86,yoghurt,6,3.542,1
1169,857,86,apple,7,3.519,1
1170,858,86,banana,8,3.734,1
1171,859,86,apple,7,4.195,0.353978567
1609,859,86,banana,8,3.674,0.310016032
1843,859,86,bowl,9,3.307,0.279048182
1172,860,86,Alarm,10,3.773,1
1173,861,87,Kettle,1,4.571,1
1174,862,87,medicine,3,4.477,1
1175,863,87,milk,4,3.791,1
1176,864,87,coffee,5,4.031,1
1177,865,87,milk,4,3.965,0.484837369
1610,865,87,coffee,5,3.728,0.455857178
1178,866,87,yoghurt,6,4.442,1
1179,867,87,apple,7,3.987,0.811850947
1180,868,87,banana,8,5.444,1
1181,869,87,apple,7,4.19,0.353556662
1611,869,87,banana,8,3.67,0.309678508
1844,869,87,bowl,9,3.3,0.278457514
1182,870,87,Alarm,10,4.273,1
1183,871,88,Kettle,1,3.364,0.42007992
1612,871,88,cup,2,4.218,0.526723277
1184,872,88,medicine,3,3.084,0.471992654
1613,872,88,cup,2,2.944,0.450566269
1185,873,88,milk,4,3.813,1
1186,874,88,coffee,5,2.873,0.482451721
1614,874,88,cup,2,2.721,0.456926952
1187,875,88,milk,4,3.696,0.336673347
1615,875,88,coffee,5,3.24,0.295135726
1845,875,88,cup,2,2.707,0.246584077
1188,876,88,yoghurt,6,3.432,0.525252525
1616,876,88,cup,2,2.683,0.410621365
1189,877,88,apple,7,5.096,1
1190,878,88,banana,8,4.71,1
1191,879,88,apple,7,3.952,0.324333197
1617,879,88,banana,8,3.536,0.29019286
1846,879,88,milk,4,2.852,0.234058268
1192,880,88,Alarm,10,3.581,1
1193,881,89,cup,2,4.207,1
1194,882,89,medicine,3,3.271,0.539679921
1618,882,89,cup,2,2.335,0.385249959
1195,883,89,milk,4,3.871,1
1196,884,89,coffee,5,4.297,1
1197,885,89,milk,4,3.353,0.444047146
1619,885,89,coffee,5,3.78,0.500595948
1198,886,89,yoghurt,6,3.763,1
1199,887,89,apple,7,4.089,1
1200,888,89,banana,8,3.931,1
1201,889,89,apple,7,3.143,0.330911771
1620,889,89,banana,8,2.775,0.292166772
1847,889,89,bowl,9,2.581,0.271741419
1202,890,89,Alarm,10,4.135,1
1203,891,90,Kettle,1,2.304,0.314496314
1621,891,90,cup,2,4.361,0.595277095
1204,892,90,medicine,3,2.767,0.497036106
1622,892,90,cup,2,2.416,0.433985989
1205,893,90,milk,4,3.822,1
1206,894,90,coffee,5,3.418,0.510606513
1623,894,90,cup,2,2.695,0.402599343
1207,895,90,milk,4,3.794,0.382498236
1624,895,90,coffee,5,2.815,0.28379877
1848,895,90,cup,2,2.437,0.24569009
1208,896,90,yoghurt,6,4.011,1
1209,897,90,apple,7,2.856,1
1210,898,90,banana,8,3.151,1
1211,899,90,apple,7,2.749,0.317950497
1625,899,90,banana,8,2.831,0.327434652
1849,899,90,bowl,9,2.128,0.246125376
1212,900,90,Alarm,10,3.318,1
1213,901,91,Kettle,1,3.747,0.513850795
1626,901,91,cup,2,3.152,0.432254526
1214,902,91,cup,2,3.698,0.466565733
1627,902,91,medicine,3,3.95,0.498359828
1215,903,91,bowl,9,3.604,0.46799117
1628,903,91,milk,4,3.884,0.504350084
1216,904,91,coffee,5,4.174,0.534443022
1629,904,91,cup,2,3.193,0.408834827
1217,905,91,milk,4,3.499,0.35494015
1630,905,91,coffee,5,2.677,0.271556097
1850,905,91,cup,2,2.483,0.251876648
1218,906,91,yoghurt,6,4.311,1
1219,907,91,apple,7,3.861,1
1220,908,91,banana,8,4.31,1
1221,909,91,apple,7,2.94,0.266280228
1631,909,91,banana,8,3.278,0.296893397
1851,909,91,yoghurt,6,3.18,0.28801739
1222,910,91,Alarm,10,3.961,1
1223,911,92,cup,2,3.688,0.515443746
1632,911,92,Kettle,1,2.91,0.406708595
1224,912,92,cup,2,3.679,0.398764362
1633,912,92,medicine,3,4.884,0.52937351
1225,913,92,milk,4,3.849,1
1226,914,92,coffee,5,3.752,0.421383648
1634,914,92,cup,2,4.782,0.537061995
1227,915,92,milk,4,4.665,0.335418464
1635,915,92,coffee,5,3.904,0.280701754
1852,915,92,cup,2,4.199,0.301912568
1228,916,92,yoghurt,6,4.521,1
1229,917,92,apple,7,4.144,1
1230,918,92,banana,8,4.083,1
1231,919,92,yoghurt,6,2.917,0.259473403
1636,919,92,apple,7,3.011,0.267834905
1853,919,92,banana,8,3.854,0.342821562
1232,920,92,Alarm,10,3.817,1
1233,921,93,Kettle,1,2.897,0.456508037
1637,921,93,cup,2,3.023,0.476363063
1234,922,93,medicine,3,3.711,0.498120805
1638,922,93,cup,2,3.073,0.412483221
1235,923,93,milk,4,3.293,0.478981818
1639,923,93,cup,2,3.272,0.475927273
1236,924,93,coffee,5,3.518,0.400273069
1640,924,93,cup,2,2.109,0.23995904
1854,924,93,Kettle,1,2.52,0.286722039
1237,925,93,milk,4,2.395,0.316505881
1641,925,93,coffee,5,1.47,0.19426457
1855,925,93,cup,2,2.594,0.342804282
1238,926,93,yoghurt,6,3.246,1
1239,927,93,apple,7,2.965,1
1240,928,93,banana,8,2.806,1
1241,929,93,apple,7,2.83,0.289277318
1642,929,93,banana,8,2.33,0.238168251
1856,929,93,bowl,9,3.318,0.339159767
1242,930,93,Alarm,10,2.9,1
1243,931,94,Kettle,1,2.576,0.344154977
1643,931,94,cup,2,3.667,0.48991316
1244,932,94,Kettle,1,2.273,0.418369225
1644,932,94,medicine,3,2.101,0.386710841
1245,933,94,milk,4,3.655,1
1246,934,94,coffee,5,6.446,0.641520701
1645,934,94,cup,2,3.015,0.300059713
1247,935,94,milk,4,6.983,0.479469926
1646,935,94,coffee,5,3.102,0.212990937
1857,935,94,cup,2,2.429,0.166781104
1248,936,94,yoghurt,6,3.607,1
1249,937,94,apple,7,3.485,1
1250,938,94,banana,8,4.279,1
1251,939,94,apple,7,3.524,0.235750602
1647,939,94,banana,8,3.196,0.213807867
1858,939,94,bowl,9,3.252,0.217554188
1927,939,94,milk,4,3.511,0.234880921
1252,940,94,Alarm,10,4.162,1
1253,941,95,cup,2,5.374,1
1254,942,95,medicine,3,4.494,0.306235094
1648,942,95,cup,2,4.034,0.274889267
1859,942,95,Kettle,1,4.776,0.325451448
1255,943,95,milk,4,4.969,1
1256,944,95,coffee,5,4.953,0.346073225
1649,944,95,cup,2,3.188,0.22275014
1860,944,95,Kettle,1,4.528,0.316377865
1257,945,95,milk,4,3.875,0.224611639
1650,945,95,coffee,5,4.03,0.233596105
1861,945,95,cup,2,3.84,0.222582889
1928,945,95,Kettle,1,3.981,0.230755854
1258,946,95,yoghurt,6,3.982,1
1259,947,95,apple,7,4.953,1
1260,948,95,banana,8,4.95,1
1261,949,95,apple,7,3.488,0.293751053
1651,949,95,banana,8,3.009,0.253410814
1862,949,95,bowl,9,2.926,0.246420751
1262,950,95,Alarm,10,4.078,1
1263,951,96,cup,2,3.295,1
1264,952,96,medicine,3,3.768,1
1265,953,96,milk,4,4.448,1
1266,954,96,coffee,5,3.354,0.412241888
1652,954,96,cup,2,2.981,0.366396264
1267,955,96,milk,4,3.445,0.313723705
1653,955,96,coffee,5,2.605,0.237227939
1863,955,96,cup,2,2.95,0.268645843
1268,956,96,yoghurt,6,3.878,1
1269,957,96,apple,7,3.54,1
1270,958,96,banana,8,3.767,1
1271,959,96,apple,7,2.783,0.285143443
1654,959,96,banana,8,2.7,0.276639344
1864,959,96,bowl,9,2.919,0.299077869
1272,960,96,Alarm,10,3.591,1
1273,961,97,cup,2,3.497,0.434679925
1655,961,97,Kettle,1,4.239,0.526911125
1274,962,97,medicine,3,4.185,0.347187656
1656,962,97,cup,2,3.284,0.272440684
1865,962,97,Kettle,1,3.666,0.304131409
1275,963,97,milk,4,4.526,1
1276,964,97,coffee,5,4.358,1
1277,965,97,milk,4,3.802,0.436109199
1657,965,97,coffee,5,4.465,0.512158752
1278,966,97,yoghurt,6,4.186,1
1279,967,97,apple,7,3.85,1
1280,968,97,banana,8,3.772,1
1281,969,97,apple,7,3.246,0.289201711
1658,969,97,banana,8,3.113,0.277352103
1866,969,97,bowl,9,3.763,0.335263721
1282,970,97,Alarm,10,3.58,1
1283,971,98,cup,2,5.776,1
1284,972,98,medicine,3,5.739,1
1285,973,98,milk,4,5.362,1
1286,974,98,coffee,5,5.074,0.332634063
1659,974,98,cup,2,4.942,0.323980595
1867,974,98,Kettle,1,4.275,0.28025436
1287,975,98,milk,4,4.154,0.233449477
1660,975,98,coffee,5,4.291,0.241148702
1868,975,98,cup,2,3.777,0.21226256
1929,975,98,Kettle,1,4.032,0.226593234
1288,976,98,yoghurt,6,4.497,1
1289,977,98,apple,7,4.869,1
1290,978,98,banana,8,4.711,1
1291,979,98,banana,8,4.205,0.319698928
1661,979,98,apple,7,3.583,0.272409336
1869,979,98,bowl,9,4.15,0.315517372
1292,980,98,Alarm,10,4.869,1
1293,981,99,cup,2,4.706,1
1294,982,99,medicine,3,3.688,0.284567901
1662,982,99,cup,2,3.939,0.303935185
1870,982,99,Kettle,1,4.531,0.349614198
1295,983,99,milk,4,4.242,1
1296,984,99,coffee,5,3.66,0.445852114
1663,984,99,cup,2,3.866,0.470946522
1297,985,99,milk,4,3.882,0.321597216
1664,985,99,coffee,5,3.697,0.306271229
1871,985,99,cup,2,3.7,0.306519758
1298,986,99,yoghurt,6,4.212,1
1299,987,99,apple,7,4.417,1
1300,988,99,banana,8,4.372,1
1301,989,99,bowl,9,3.441,0.275986526
1665,989,99,apple,7,2.851,0.228665383
1872,989,99,banana,8,4.283,0.34351941
1302,990,99,Alarm,10,4.372,1
1303,991,100,cup,2,3.881,0.461968813
1666,991,100,Kettle,1,4.201,0.500059517
1304,992,100,medicine,3,4.791,0.346445875
1667,992,100,cup,2,4.076,0.294742932
1873,992,100,Kettle,1,3.766,0.272326271
1305,993,100,milk,4,4.256,1
1306,994,100,coffee,5,4.657,1
1307,995,100,milk,4,4.021,0.453632671
1668,995,100,coffee,5,4.501,0.507784296
1308,996,100,yoghurt,6,4.52,0.459069673
1669,996,100,cup,2,4.875,0.495124924
1309,997,100,apple,7,5.091,0.508540605
1670,997,100,bowl,9,4.038,0.403356308
1310,998,100,banana,8,4.659,1
1311,999,100,banana,8,4.417,0.334646564
1671,999,100,apple,7,3.397,0.257367982
1874,999,100,bowl,9,4.134,0.313205546
1312,1000,100,Alarm,10,5.739,1
1313,1001,101,cup,2,4.688,0.475794174
1672,1001,101,Kettle,1,4.773,0.484420989
1314,1002,101,medicine,3,4.736,1
1315,1003,101,milk,4,2.791,0.394097713
1673,1003,101,cup,2,3.386,0.478113527
1316,1004,101,coffee,5,2.861,0.290515841
1674,1004,101,cup,2,2.465,0.25030463
1875,1004,101,Kettle,1,2.616,0.265637693
1317,1005,101,milk,4,2.905,0.277777778
1675,1005,101,coffee,5,3.006,0.287435456
1876,1005,101,cup,2,3.588,0.343086632
1318,1006,101,yoghurt,6,4.851,1
1319,1007,101,apple,7,3.575,1
1320,1008,101,banana,8,3.95,1
1321,1009,101,banana,8,3.006,0.299880287
1676,1009,101,apple,7,2.138,0.213288109
1877,1009,101,bowl,9,3.013,0.300578611
1322,1010,101,Alarm,10,4.118,1
1323,1011,102,cup,2,5.985,1
1324,1012,102,medicine,3,6.066,1
1325,1013,102,milk,4,5.357,1
1326,1014,102,coffee,5,5.045,0.495093229
1677,1014,102,cup,2,3.994,0.391952895
1327,1015,102,milk,4,4.701,0.321523836
1678,1015,102,coffee,5,3.953,0.270364544
1878,1015,102,cup,2,4.657,0.318514465
1328,1016,102,yoghurt,6,3.938,0.425132247
1679,1016,102,cup,2,4.674,0.504588146
1329,1017,102,apple,7,4.356,0.454033771
1680,1017,102,bowl,9,4.653,0.484990619
1330,1018,102,banana,8,4.519,1
1331,1019,102,apple,7,5.19,0.333311926
1681,1019,102,banana,8,4.767,0.306146041
1879,1019,102,bowl,9,4.266,0.273970843
1332,1020,102,Alarm,10,5.383,1
